﻿Character,Text
"","夏の日差しが、校舎の壁、グラウンド、自分の服…あらゆる場所に降り注いで跳ね返るほどの晴天。"
"","これだけ晴れているのに、空気は真夏特有の湿気を帯びていて蒸しかえっている。"
"","何もせずじっとしているだけでも、汗の筋が額から顎に、首から体に流れて衣服に染みを作っていく。"
"","俺は、山あいの田舎町にある学校で住み込みの用務員をしている。生まれ育った土地ゆえに、ここは母校だ。"
"","俺が通っていた頃より生徒数が減った今は、年齢幅のある生徒を集めて廃校を避け、一貫校として運営している。"
"","山あいの田舎町と聞けば、緑豊かで涼しく、不便ながらも賑やかな街に比べて夏は過ごしやすいと思われがちだが"
"","…そんなことは全くない。自然が多いのは確かだが四方八方をがっちり山に囲まれているような僻地ではない。"
"","山は遠くに見える程度で、平坦な土地に民家と畑地。やや古いが新興住宅街もある。駅前だけが少し賑やかだ。"
"","歓楽街はなく、都市部まではどんなに急いでも１時間以上はたっぷりかかる。"
"","そんな土地柄に、合わせる顔が決まってくると否応なしに生まれる閉鎖性が、この時代もしっかり息づいている。"
"","何ひとつ珍しくない。どこにでもある、この国で一番多いタイプの『田舎』に違いない。"
"","こんな場所で用務員など、退屈で仕方がない。"
"","しかも季節は、夏のド真ん中。つまり学校は夏休みだ。せめてもの慰めに眺める女生徒はほぼいない。"
"","夏草をむしって汗だくになり、日陰で一息つこうとしたが、息つくどころか、体から水分が抜けていくばかりだ。"
"主人公","『これじゃ、あのじいさんが倒れるのも不思議はないな』"
"","屋外よりは断然暑さがマシな自室…つまり、用務員室に一旦引き返すために歩き出す。"
"","少しでも日射を避けるために、校舎を抜けよう。"
"","昼でもほとんど生徒の気配がない、休み中特有の空気が漂う廊下を行く。外よりはいくらか涼しい。"
"","じいさんは、俺が学生時分からこの学校の用務員だった。かなりの歳だろう。それが夏の始まり頃に体調を崩し…"
"","復帰のための療養に入ったことで、空いたポストに臨時で俺が収まった。"
"","俺は数日前に用務員になったばかり、しかも臨時雇用だからアルバイトのような身分と変わらない。"
"主人公","『こういうのが一番気楽だ』"
"","そもそも自分は仕事が長続きしない。"
"","誰かと揉めて辞める、全く出来ずクビになるといったことはないが、何をやっても飽きて、つまらなくなってしまう。"
"","やり方を完全に習得した優秀な奴が感じる飽きではなく、ただただ面白くなくなって、どんどんダルくなる。"
"","ある程度出来るようになってくると、効率やら様々な欠点が目に付く。でもそれを直すような気力や能力はない。"
"","結果、ただただ嫌になる。もともとあまりない根性や堪え性というものが死に絶える。"
"","そうなると辞めたりバックレたりするまで秒読みみたいなもんだ。"
"主人公","『部活もそうだったなぁ…』"
"","外から聞こえる部活の声の方向に目線を向けた。"
"","要領も良いほうではない自覚はある。だから、とにかくどうにか食べられる状態で転々とするのが気楽だ。"
"","大して高い金が貰えるわけでもないのに社畜になるなんて気が知れない。よくやれるな、と思う。"
"","親に仕事を勝手に見つけられ、そのまま流れされるように多少の金を持たされ、"
"","独り立ちしろと実家から都市部へと追い出されたものの…"
"","どの仕事もぱっとせず、休日や暇を見つけては通っていたギャンブルや風俗で生活資金は底を尽きた。"
"","この仕事は給料が低く不満だが、夏休みということもあって大して忙しくなく、ダラダラできてありがたい。"
"","住み込みのおかげで、この歳で定職に就いていない、などと言ってくる家族…というより"
"","主に、口うるさい姉さんのいる実家からは離れていられる。"
"","…さて、部屋に戻ってから休んで汗が引いた後、次は何をしておけば…"
"？？？(CH01_0000)","『あ！おじさん、こんにちは』"
"","明らかに自分に向けられた声が後ろから響いて振り返る。"
"？？？(CH01_0001)","『…忙しかったかな？』"
"","驚いた。"
"","透き通るような美少女が立っている。"
"","日射しを受けて光るリノリウムに似た白い床よりも、淡く輝いて見える。"
"","一言でいうならば清楚だ。そして、この上なく楚々としているのにきつい印象が一切ない。"
"","その逆で、とてもおとなしそうに見えるのは、まなざしの柔らかさのせいかもしれない。"
"","…この雰囲気と声でふっと思い当たる。"
"主人公","『やあ、乙羽ちゃん…だよね？』"
"","つい目を奪われていた。慌てて、確認するように声を掛ける。"
"小鳥遊 乙羽(CH01_0002)","『うん、乙羽だよ。分からなかった…かな？』"
"","今日、学校に来ているとは思わなかった。"
"","この子は、小鳥遊 乙羽（たかなし おとは）。"
"","不確かながらも名前を知っているのは、この子が俺の姪っ子だからだ。"
"主人公","『実際会うのはかなり久しぶりだから、確信がなくてね。こっちに帰ってきてるのは聞いていたけど』"
"小鳥遊 乙羽(CH01_0003)","『最後に会った時、私、まだ小さかったもんね』"
"主人公","『そうだね。でも面影はそのまんまだよ』"
"小鳥遊 乙羽(CH01_0004)","『ふふ。私って分かってもらえてよかった』"
"小鳥遊 乙羽(CH01_0005)","『おじさん。聞いてた通り、ここで用務員さんをしてるんだね』"
"主人公","『そうだよ。乙羽ちゃんは…色々あったみたいだけど、元気にしてたかい？』"
"小鳥遊 乙羽(CH01_0006)","『うん、なんとか元気にしてるよ。それに今日、おじさんと会えるなんて思ってなかったから…』"
"小鳥遊 乙羽(CH01_0007)","『嬉しくて、元気出ちゃった』"
"","こんな健気で素直な子が、あの口うるさい姉さんから生まれたことが信じられない。"
"","幼い頃に遊び相手をしていた俺は、乙羽ちゃんのことをよく知っている。"
"主人公","『こうしてみると随分大きくなったねえ』"
"小鳥遊 乙羽(CH01_0008)","『ふふ、もう５年も会ってないもん』"
"","成長期の娘らしい、照れながらも誇らしげな微笑みが愛らしい。"
"小鳥遊 乙羽(CH01_0009)","『身長も伸びたでしょ』"
"","俺はその他の"成長部分"にも目が行っていた。５年の歳月が女の子をこんな風に変えるのか…。"
"","昔より主張を始めている胸。徐々に丸みを帯びはじめている骨格、体の輪郭。"
"","全体的な肉付きもどこかふんわりとしていて、あどけなさは全く抜けていないにも関わらず、"
"","そこはかとなく女らしさが香り始めいる。そのあやふやな感じが妙にそそる。"
"","弾けんばかりの若さから、髪はこの上なく美しい艶で光の輪ができている。"
"","そして肌は、汗の玉だけでなく水分という水分を弾きそうなほど張りがよく、きめが細かい。"
"","この手でその感触を味わって、撫でまわしたくなる。"
"","……と、久しぶりに再会した姪っ子にまさかこうも欲情するとは自分でも意外だった。"
"","姪とはいえ、正直抱きたいと思ってしまう。"
"小鳥遊 乙羽(CH01_0010)","『おじ、さん…？』"
"","体を見つめ続けていたせいで、乙羽ちゃんが困ったように話し始めた。"
"小鳥遊 乙羽(CH01_0011)","『やっぱりこの制服、気になっちゃうかな…？』"
"主人公","『ん…？』"
"","俺が思っていたこととは別のことを思っているらしい。"
"小鳥遊 乙羽(CH01_0012)","『この制服ね、前の学校のなの。この学校、セーラーじゃないでしょう？』"
"主人公","『あ、ああ。そうだね。今は夏だから半袖のシャツが多いけど』"
"","あまりに無垢な考えに少し面食らって、返した返事に変な焦りが混ざってしまった。"
"","実の姪っ子を性的な目で見ていたことは運よくバレていないようだ。"
"小鳥遊 乙羽(CH01_0013)","『昨日ここの制服を買いに行ったら、私に合うサイズを丁度切らしてるって言われたの』"
"小鳥遊 乙羽(CH01_0014)","『入荷するのにちょっと時間がかかるらしくて…』"
"小鳥遊 乙羽(CH01_0015)","『だから当分、この制服のままになりそう。学校の方からもそれでいいって言われてるから大丈夫なんだけど…』"
"","困っている乙羽ちゃんをよそに、セーラー服の女学生を当分見られる存外の幸運に興奮していた。"
"主人公","『それは困ったねぇ…。でも乙羽ちゃんならセーラーでもここの制服でも、どっちでも似合うと思うよ』"
"小鳥遊 乙羽(CH01_0016)","『あ、ありがとう…。でも、夏休みで人が少なくても、ちょっと目立っちゃうね』"
"","恥ずかしそうにしているのもまたグっとくる。"
"","意識して抑えないと、目の前の乙羽ちゃんをオカズにする妄想が止まらなくなりそうだ。"
"","口を滑らせては面倒になる。話を変えなくては…"
"主人公","『そうそう、乙羽ちゃんがこの町に戻ってきたのは昨日だったっけ。姉さんが先にこっちに来てたんだね』"
"小鳥遊 乙羽(CH01_0017)","『そうなの。お母さんは先にこっちにきて、転居とか、私の転校の手続きとかをしてくれてたみたい』"
"","乙羽ちゃんはこの町に越してきていた。"
"","それもただ越してきただけではなく、正確には一度他所へ越して、再び戻ってきている。"
"主人公","『あっちで出来た友達と離れてしまって寂しいだろうねおじさんでよかったら、話を聞くよ』"
"","姪っ子が純粋に心配で…というよりも下心から提案する。"
"小鳥遊 乙羽(CH01_0018)","『ううん、大丈夫』"
"小鳥遊 乙羽(CH01_0019)","『あっちでは皆…受験勉強ばかりだったから、遊んだりした思い出がそんなにないの』"
"","劣情を帯びた目で見られているとも知らずに、乙羽ちゃんは自分の感情を逸らすためか、脚を軽くもじもじさせた。"
"","子鹿のような足を覆う、柔らかそうな脂肪が俺を誘っているように見えた。"
"主人公","『そうだったんだね』"
"","ムラムラしてくるのを抑えながらも、乙羽ちゃんの境遇を思い出す。"
"","乙羽ちゃんの両親…つまり俺の姉も、乙羽ちゃんの父親である義理の兄も、近所で有名になるぐらいの"
"","教育熱心な人間だ。熱心というのはオブラートに包んだ言い方で…正直なところ、常軌を逸している。"
"","やり過ぎの両親の元、乙羽ちゃんは早い段階から有名校を目指すことになって、そのために引っ越しをした。"
"","戻ってきたということは、受験には失敗したということだ。"
"","それだけが原因ではないが、プライドの高い姉さんは詳しいことは話そうともしない。"
"小鳥遊 乙羽(CH01_0020)","『ごめんね。せっかくおじさんといるのに暗くなっちゃった…』"
"主人公","『ううん。乙羽ちゃんが大変で、それでも頑張ってるのはおじさん、昔からよく知ってるから。大丈夫だよ』"
"小鳥遊 乙羽(CH01_0021)","『ありがとう、おじさん』"
"","心底嬉しそうな返事を返されると、どうしても相対的にムラムラしてしまう。"
"","昔からそれなりの容姿だったが、正直ここまで可愛く魅惑的に育つとは思っていなかった。"
"小鳥遊 乙羽(CH01_0022)","『あ、それでね。前の学校とこっちの学校で授業の進み具合が違っていて…夏休み中に補習に通うことに決まったの』"
"主人公","『皆は休みなのに大変だねえ』"
"小鳥遊 乙羽(CH01_0023)","『でも、勉強は大事だから』"
"","本当にそう思っているんだろう。乙羽ちゃんといえば勉強ばかりしているイメージが俺にはある。"
"","当人がどう過ごしていても体は年齢と共に成熟していく。今、その時期に乙羽ちゃんが差し掛かっていると思うと"
"","成熟しきった体にはない特有のいやらしさやなまめかしさを感じて、また目が逸らせなくなった。"
"主人公","『乙羽ちゃんは相変わらず真面目さんだなあ』"
"","口ではそういいつつ、欲情で半分上の空になりつつあるのが自分でもわかる。"
"","風俗でも、こんなに若くてみずみずしい子とは、いくら出したとしても遊べない。"
"小鳥遊 乙羽(CH01_0024)","『これから、補習のことも含めて色々なことを先生と話しをしに行くところなの』"
"小鳥遊 乙羽(CH01_0025)","『知った人がいないから心細かったけど、おじさんが学校にいるなら、なんだかちょっと安心するな』"
"","５年前も、一緒にいた時は人肌が恋しくて、時折、撫でるふりをしてきわどい場所を触ったりもしていたが…"
"","ここまで女として見たことも、触れたいと思ったこともなかった。"
"","夏休み中、学校に通ってくるなら…何かチャンスがあるかもしれない。"
"","何しろ乙羽ちゃんは俺に懐いてくれている。"
"？？？(CH03_0000)","『乙羽！こんなところにいたの？』"
"","一瞬で目が覚めるような、俺の苦手な声が廊下に響き渡る。"
"","乙羽ちゃんの背後、少し離れた場所に見知った人影があった。"
"","それが足音と共にどんどん近づいてくる。"
"小鳥遊 乙羽(CH01_0026)","『あ、お母さん…』"
"？？？(CH03_0001)","『先に学校に行くのは構わないけれど、職員室の近くで待っていてって言ったじゃないの』"
"小鳥遊 乙羽(CH01_0027)","『ご、ごめんなさい…』"
"","これが、俺の姉さん…小鳥遊 玲子（たかなし れいこ）だ。"
"","廊下の静けさが、高圧的な声をより耳障りな音にして反響させている。"
"小鳥遊 麗子(CH03_0002)","『時間はちゃんと見てたの？』"
"小鳥遊 乙羽(CH01_0028)","『う、うん…でも、お母さんがこんなに早く来ると思わなくて』"
"小鳥遊 麗子(CH03_0003)","『そういうこともあるわよ。時間前行動は常識でしょ？あなたが見つからないから、早く来て正解だったわ』"
"","すっかり縮こまっている乙羽ちゃんへ言い終えると、キッとこちらに視線を向けられる。"
"小鳥遊 麗子(CH03_0004)","『ちょっと、あなた。仕事中じゃないの？』"
"主人公","『…そうだよ』"
"","やりとりをしたくない。絶対面倒なことになるか、嫌な気分にさせられるだけだ。"
"小鳥遊 麗子(CH03_0005)","『乙羽を引き留めて、無駄話するのがあなたの仕事なの？』"
"主人公","『………』"
"","なんで麗子姉さんは…こいつは、いつも口から嫌味しか吐けないんだろう。"
"","たった一言で、人を心底うんざりさせる。"
"小鳥遊 乙羽(CH01_0029)","『あ、あの、お母さん、おじさんが私を引き留めたんじゃなくて私がおじさんを見つけて話しかけたの…だから』"
"小鳥遊 麗子(CH03_0006)","『だからって、そのままずっと立ち話をして、仕事を蔑ろにするのは、断らない大人に責任があるのよ？』"
"小鳥遊 乙羽","『……』"
"","受験に失敗をした"だけ"で、乙羽ちゃんと麗子姉さんがこの町に戻ってきたわけじゃない。"
"","いくら当人が言いたくなくても、家族である以上どうしても知ってしまうこと、隠せないことがある。"
"","麗子姉さんは、離婚して戻ってきていた。それだけははっきりと知っている。"
"","およそ、受験失敗の責任とやらを、義兄[にい/2]さんに押し付けて揉めに揉めて…"
"","挙句、三行半を突き付けられたに違いない。"
"","俺だったら、いくら見た目が良くてもこんな性格の女とは結婚なんかまっぴら御免だ。"
"小鳥遊 麗子(CH03_0007)","『あなたも黙っていないで、仕事を再開したらどうなの？』"
"小鳥遊 麗子(CH03_0008)","『お母様があなたでもできる仕事ってことで、どうにか探してお膳立てしてくれたんでしょう？』"
"","…確かに、この仕事はお袋が見つけてきた。"
"","母校で勝手を知っていること、そして小鳥遊の人間ということでコネで就職できたのが事実だ。"
"","だが、俺が仕事を見つけて欲しいと頼んだわけではない。"
"小鳥遊 麗子(CH03_0009)","『せめて全うしなさいよ。まったく…』"
"小鳥遊 麗子(CH03_0010)","『いい歳して、次から次に仕事を変えて…。あなたには責任感や危機感ってものがないの？』"
"","俺が黙ったままということもあって、乙羽ちゃんも困惑したまま黙りこんでいる。"
"","麗子姉さんには、この空気をどうにかしようとする気持ちどころか、この空気自体に気付いていない。"
"主人公","『…うるさいなぁ』"
"小鳥遊 麗子(CH03_0011)","『なんですって？』"
"","つい口が滑った。というか、我慢の限界だった。"
"主人公","『麗子姉さんの声が大きいって意味だよ。ッチ…ガミガミ言うしか能がないのかよ…』"
"小鳥遊 麗子(CH03_0012)","『何よ、最後にボソボソ言って。言いたいことがあるなら、最後までちゃんとはっきり言ったらどうなの？』"
"","限界だったとはいえ、こうなると麗子姉さんは簡単に止まらない。…やはり口が滑った。"
"小鳥遊 麗子(CH03_0013)","『私は、あなたの為を思って…それに小鳥遊の恥にこれ以上ならないように注意してるの』"
"小鳥遊 乙羽(CH01_0030)","『お、お母さん…』"
"","恥もなにも…離婚して出戻ってきたことは家の恥じゃないとでも思っているのか。"
"","思い始めればイライラがまた募りだす。…とはいえ萎縮している乙羽ちゃんが目に入って、考えを振り払った。"
"","どうにか少しでも場を収めよう。"
"主人公","『…ともかく、麗子姉さんも用があって来てるんだろう？』"
"小鳥遊 麗子(CH03_0014)","『当たり前でしょう。担任の先生との面談が終わったら、ＰＴＡ会長の仕事だってあるの』"
"","あたかも自分の努力で得た役職だといわんばかりの言い分に、失笑しそうになった。"
"","…俺がコネでこの仕事を得たのと変わらないくせに。"
"","俺の実家、小鳥遊の家はこの町では名家に当たる。ただし、あくまでこの町では、だ。"
"","それで多少幅が効く。そういうのもまた田舎特有だ。まったく辟易する。"
"","いくら麗子姉さんが自他ともに認める優等生で、自慢のＯＧとはいえ、数年ぶりに戻ってきたばかりの人間が"
"","交代時期でもないのに、いきなりＰＴＡ会長になれるものじゃない。"
"","そういう部分に気付かないところは変わっていない。"
"小鳥遊 麗子(CH03_0015)","『だから、あなたと違って忙しいのよ』"
"","一言多いところも相変わらずだ。"
"主人公","『田舎、…閑散とした小さい町の、学校のたかがＰＴＡ会長がそんなに偉いモンかねぇ』"
"小鳥遊 麗子(CH03_0016)","『っ！！』"
"小鳥遊 麗子(CH03_0017)","『っ、仕事もしないで、憎まれ口だけ立派で…。家で引きこもっていた時と何も変わってないじゃない！』"
"","何年前の話を出してくるんだ…。"
"小鳥遊 乙羽(CH01_0031)","『お、お母さん、もう行こうよ…。きっと、先生、待ってるよ…』"
"小鳥遊 麗子(CH03_0018)","『乙羽は黙ってなさい！』"
"小鳥遊 乙羽(CH01_0032)","『っ…は、はい…。ごめんなさい…』"
"小鳥遊 麗子(CH03_0019)","『仕事だってすぐにやめて戻ってくるし、あなたにお金が渡されてたことも、使い潰したことも知ってるのよ』"
"小鳥遊 麗子(CH03_0020)","『少なくとも私は、小鳥遊の人間として情けない長男に代わって頑張ってるっていうのに、一体なんなの？』"
"主人公","『麗子姉さんは、なにかにつけて小鳥遊、小鳥遊って…乙羽ちゃんが怯えてるじゃないか！』"
"","泣き出しそうな乙羽ちゃんに最後は声が荒くなった。それではっとしたのか、麗子姉さんの攻撃が一旦止む。"
"","バツが悪そうに目線が泳ぐ。一応は母親のようだ。"
"小鳥遊 麗子(CH03_0021)","『…ともかく、あなたがこの仕事をサボったら私の耳に入るんだから。恥をかかせたら承知しないわよ』"
"小鳥遊 乙羽(CH01_0033)","『お母さん、時間…。ほ、本当に面談に遅れちゃうから…。おじさんだって、お仕事があるだろうし…』"
"","麗子姉さんの勢いが少し弱くなったのを察知した乙羽ちゃんが声を振り絞った。"
"","５年前もこんな感じだったな…。"
"","小鳥遊の長男ということで何かと誹りを受ける俺と、小鳥遊自慢の才女、麗子姉さんの娘として"
"","優等生であり続け、常に優秀な成績を出さなければ徹底的に叱られる乙羽ちゃん。"
"","そんな俺たちは、性別も年齢も違うものの、ある種の仲間意識を持っていた。"
"","共通の敵は、この麗子姉さんだ。"
"","…とはいっても、乙羽ちゃんは麗子姉さんを嫌っているわけではなく、苦手というだけだが。"
"小鳥遊 麗子(CH03_0022)","『はぁ…そうね。わかったわ。行きましょう』"
"小鳥遊 麗子(CH03_0023)","『あなたにぴったりの、気楽な雑用なんだからせいぜい頑張って頂戴ね』"
"","捨て台詞を吐くと、こっちを見ることもなくさっさと歩き出して行ってしまった。"
"","去って清々するどころか、気分の悪さがすごい。だから嫌いなんだ…。"
"小鳥遊 乙羽(CH01_0034)","『お、おじさん…あの…ごめんね。お母さんがあんなふうにひどいこと言っちゃって…』"
"主人公","『乙羽ちゃんが謝ることじゃないよ』"
"小鳥遊 乙羽(CH01_0035)","『でも、私、何も言えなくて…お父さんとの喧嘩もお母さん、ずっとあんなだったの…』"
"小鳥遊 乙羽(CH01_0036)","『お母さんは言い方がすごくきついから、おじさんには傷ついて欲しくないの』"
"","…本当に麗子姉さんが生んだ子か首を傾げたくなるほど、乙羽ちゃんは穏やかで性格もいい。"
"主人公","『ははは、大丈夫だよ。でもありがとう』"
"小鳥遊 乙羽(CH01_0037)","『それに私、おじさんのことを、お母さんが言ってるみたいに思ったことないから…』"
"小鳥遊 乙羽(CH01_0038)","『えっと…なんだかうまく言えなくてごめんね』"
"主人公","『そんなことないよ』"
"小鳥遊 乙羽(CH01_0039)","『まだ話してたいけど…そろそろ行かないとまた怒られちゃう。…おじさん、またね』"
"主人公","『うん、行っておいで』"
"","こちらを何度か振り返りながら去って行った。"
"","可愛くて性格のいい乙羽ちゃんを見送っていたらあれだけイライラしていた気持ちが収まっていた。"
"","とはいえ、一瞬でも麗子姉さんの顔が頭をよぎるとまた沸々と腹が立ってきてしまう。"
"","外でしていた作業の疲れもある。ともかく、このまま用務員室に戻って少し昼寝でもしよう。"
"","と…その前に、乙羽ちゃんでムラムラしたこの性欲をシコって発散させておこうか。"
"","起きる頃には少しは日も傾いて、暑さがマシになっているだろう。"
"","―――――――――"
"","――――"
"","―…"
"","目が覚めて身を起こす。夕方のようだ。少し寝すぎたか。"
"","ややむっとしている部屋が精子くさい。それだけで寝てスッキリしたはずが、イラっとしてしまう。"
"","暑くなるだけだが換気して、さっさと雑務と見回りに出よう。"
"","この時間になると、聞こえていた部活の声ももう聞こえない。撤収したのだろう。"
"","人けがないのは昼と変わらず、聞こえてくる蝉の鳴き声が夕方のものに変わっているだけだ。"
"","少し歩いていると、女生徒の話す声が聞こえた。"
"","前方に…２人。歩いて近付いていく…"
"","あれは…"
"小鳥遊 乙羽(CH01_0040)","『あ…おじさん！』"
"","乙羽ちゃんが俺に気付いて、顔を明るくした。"
"","その声に釣られて、もう一人の人影がこちらを向く。俺を見るなり、目を丸くした。"
"？？？(CH02_0000)","『っ！？』"
"小鳥遊 乙羽(CH01_0041)","『おじさん、ほらほら、莉乃ちゃんだよ！さっき、偶然そこで会ったの！』"
"？？？","『………』"
"","弾む乙羽ちゃんと対照的に、隣の女の子は俺に気付いてから黙り込んでしまった。"
"","乙羽ちゃんが紹介する通り、隣で無言になった女の子は、彼女の幼馴染の、暁 莉乃（あかつき りの）だ。"
"小鳥遊 乙羽(CH01_0042)","『莉乃ちゃんにも私が戻ってくることは話してあったんだけど、会う約束はまだしてなくって…』"
"小鳥遊 乙羽(CH01_0043)","『おじさんとも今日初めて会えたし…ふふ、今日はとてもツいてる気がするな』"
"暁 莉乃","『………』"
"","乙羽ちゃんと出会った時も驚いたが、莉乃ちゃんが俺を見て目を丸くしたように"
"","俺も彼女がここにいることに内心驚いていた。"
"","…といっても、この学校は一貫校だし、莉乃ちゃんがそのまま進学していても不思議はない。"
"小鳥遊 乙羽(CH01_0044)","『あれ、もしかして、莉乃ちゃんもおじさんと会うのは久しぶりなのかな？』"
"暁 莉乃(CH02_0001)","『あ、あぁ、うん…。おじさんと会うのは久しぶりかな。でも、なんでこんなとこに…』"
"小鳥遊 乙羽(CH01_0045)","『それはね、おじさん、この学校の用務員さんになったんだって。しかもついこの前』"
"暁 莉乃(CH02_0002)","『…へぇ、そ、そうだったんだ。知らなかったな』"
"","普段はおとなしい乙羽ちゃんが、珍しく活発な様子で俺を手招きする。"
"","莉乃ちゃんの様子とは対照的だ。"
"小鳥遊 乙羽(CH01_0046)","『莉乃ちゃん、どうかしたの？』"
"暁 莉乃(CH02_0003)","『ううん、何もないよ。ちょっとまだ驚いてて…』"
"小鳥遊 乙羽(CH01_0047)","『ほんと、なんかびっくりだよね。すごい偶然！こうして３人揃うと昔を思い出しちゃうね』"
"暁 莉乃(CH02_0004)","『う、うん』"
"","…これだけ乙羽ちゃんが弾む理由は分かる。"
"","莉乃ちゃんは、乙羽ちゃんの唯一といってもおかしくない友人だ。"
"","麗子姉さんが勉強が第一の生活をさせていたせいで、地元にもかかわらず乙羽ちゃんに友人はほぼいなかった。"
"","そんな中、幼い頃から根気強く遊びに誘ったり、様子を窺ったりして仲良くしていたのが、この莉乃ちゃんだ。"
"","年齢は乙羽ちゃんよりはやや年上だが、お姉さんらしく明るく活発。そして面倒見のいい子だ。"
"","色々と忙しかった麗子姉さんに変わって、昔はよく二人の面倒を見た。"
"","莉乃ちゃんが、物怖じしやすい乙羽ちゃんの手を引いて新しい遊びや見つけた遊び場に飛び込んでいたのを覚えている。"
"","そんなこともあって、俺は莉乃ちゃんのことも、昔からよく知っていた。"
"主人公","『莉乃ちゃん、久しぶり』"
"暁 莉乃(CH02_0005)","『お久しぶり、です…』"
"小鳥遊 乙羽","『……？』"
"","乙羽ちゃんが不思議そうに莉乃ちゃんの顔を見る。"
"暁 莉乃(CH02_0006)","『久しぶりだから、私だって緊張ぐらいするよ』"
"小鳥遊 乙羽(CH01_0048)","『うーん…そっか。んー…そうだよね。つい、はしゃいじゃった』"
"","嬉しいような複雑そうな声色で乙羽ちゃんが話を続ける。"
"小鳥遊 乙羽(CH01_0049)","『そうそう、おじさん、莉乃ちゃんは新体操部に入ってるんだって。すごいよね』"
"暁 莉乃(CH02_0007)","『お、乙羽…』"
"主人公","『へえ。莉乃ちゃんが新体操かあ』"
"暁 莉乃(CH02_0008)","『う、うん…』"
"","新体操と聞いてすぐにレオタード姿が頭に思い浮かぶ。"
"","ボディラインにぴったり沿う、体つきを隠しようがないエロい衣装を莉乃ちゃんが身にまとっていると思うと、"
"","自然と目線は、値踏みするように莉乃ちゃんの体に導かれる。"
"","乙羽ちゃんに比べると年上相応の、より女らしい丸みを帯びている体。そして、ほどよく引き締まっている。"
"","この子もなかなかいい、好みの体つきに育っている。"
"","…と、あまりじろじろ見ていては上の空になってしまう。２人の話を今は聞こう。"
"小鳥遊 乙羽(CH01_0050)","『私は前の学校では部活してなかったから、ちょっと羨ましいな』"
"暁 莉乃(CH02_0009)","『乙羽。今度さ、部活見に来てみたら？』"
"小鳥遊 乙羽(CH01_0051)","『うん。でも、私、運動音痴な方だし…新体操だなんて出来そうにもないよ』"
"暁 莉乃(CH02_0010)","『私も始めた時は何も出来なかったよ。皆はじめはそんなもんだし、挑戦してみたらどう？』"
"小鳥遊 乙羽(CH01_0052)","『う、うん。そうだね。お母さんが許してくれたら考えてみようかな』"
"暁 莉乃(CH02_0011)","『あ、そっか。久々に思い出した。乙羽のお母さん、厳しいもんね』"
"小鳥遊 乙羽(CH01_0053)","『う、うん…せっかく誘ってくれてるのにはっきり返事できなくてごめんね』"
"暁 莉乃(CH02_0012)","『ううん。謝ることじゃないよ。乙羽のことは昔からずっと知ってるからさ』"
"小鳥遊 乙羽(CH01_0054)","『…ありがとう。莉乃ちゃんは優しいね』"
"","２人のやりとりを聞ききながら、幼い面影を思い出せば、離れ離れになる前と全く変わっていないようだ。"
"小鳥遊 乙羽(CH01_0055)","『そういえば、私が引っ越してからも、しばらくはおじさんと遊んだりしてたの？』"
"暁 莉乃(CH02_0013)","『…うーん、そんな感じだったかな』"
"小鳥遊 乙羽(CH01_0056)","『じゃあ、私がいなくなってからも、みんなでよく集まった公園とかに行ってたんだ？』"
"暁 莉乃(CH02_0014)","『うん、まあ…。でも５年も昔のことだし、もうあんまり覚えてないかな』"
"小鳥遊 乙羽(CH01_0057)","『あ…そ、そうだよね。…昔のこと、だよね』"
"暁 莉乃(CH02_0015)","『うん』"
"小鳥遊 乙羽","『…』"
"暁 莉乃","『………』"
"","さっきまで賑やかに話していた２人とは思えない空気が流れる。"
"","乙羽ちゃんは、俺と莉乃ちゃんを交互に見て…それでも何を言ったらいいかわからないといった様子だ。"
"暁 莉乃(CH02_0016)","『………そうだ、乙羽。プールが気になってるって言ってたね』"
"小鳥遊 乙羽(CH01_0058)","『うん。前の学校は勉強ばっかりの学校だったからプールの授業も無かったの』"
"暁 莉乃(CH02_0017)","『そうなんだ。ここは夏休み中なら、水泳部が使ってるとき以外は自由に入れるから…』"
"","プールと聞いて、この２人が水着姿になるのを想像した。"
"","俺が用務員になったのは学校が休みに入ってからだ。授業でプールを使っているのを見たこともない。"
"","水泳部が使っている時は顧問の教師がいる。でも部員以外が自由に使えるなら、その時にこの２人の水着姿が見られるかもしれない…。"
"","これは楽しみだ。"
"暁 莉乃","『…………』"
"","考えを見抜くように、莉乃ちゃんが突然こちらを見上げてきた。"
"主人公","『ど、どうしたのかな？』"
"小鳥遊 乙羽(CH01_0059)","『莉乃ちゃん…？』"
"暁 莉乃","『………』"
"暁 莉乃(CH02_0018)","『乙羽、プール使用の申請用紙の書き方、あっちで教えるよ』"
"小鳥遊 乙羽(CH01_0060)","『えっ…』"
"","突然、腕を取られて乙羽ちゃんがよろめきかける。"
"暁 莉乃(CH02_0019)","『行こ』"
"小鳥遊 乙羽(CH01_0061)","『あ、ええっと…わ、わかった』"
"小鳥遊 乙羽(CH01_0062)","『お、おじさん、またね』"
"","状況が読み込めない顔をしたまま、乙羽ちゃんが連れていかれる。"
"","みるみる間に２人が遠ざかった。"
"","…俺はまたぶらっと歩き出す。"
"","乙羽ちゃんとは補習に来るときに会えるだろう。"
"","口やかましい麗子姉さんは毎日来るわけでもない。仮に見かけたとしても、話しかけられる前に避けよう。"
"","そして、莉乃ちゃん。あの子にも会えるだろう。新体操の部活で活躍していることも分かった。"
"","思いもしない再会からの収穫がたっぷりだ。"
"","今日はさっさと雑務を終わらせて、明日から出会えそうな場所を狙ってどこへ行こうか考えよう。"
"","夏休みだと思って諦めて受け入れていた退屈な毎日に大きな期待が持てる。"
"","この夕暮れなら明日もまた晴れて、暑くなるだろう。これからが夏の盛りだ。"
