﻿Character,Text
"","夏休み中でもポスターなんかの掲示物はある。期限切れを剥がし、新しいものがあれば貼る。"
"","そんな仕事をしながら廊下を歩いていた。……ん？どこからか授業中らしい教師の声がくぐもって聞こえる。"
"","声が聞こえてきた教室へと近づいてみる。"
"","学年と組が書かれたプレートを見て、気付く。"
"","ここは…乙羽ちゃんが補習を受けている教室だ。"
"教師","『解の求め方は、この記号よりひとつ前の…』"
"小鳥遊 乙羽（独白）(CH01_0204)","『先生が黒板に数式を書いて示しながら、教科書を持って丁寧に説明をしてくれている。』"
"小鳥遊 乙羽（独白）(CH01_0205)","『この教室の中で…女子は私１人。』"
"小鳥遊 乙羽（独白）(CH01_0206)","『残りは、同学年の男子３人。先生も男の人。なんだか浮いているような気がして落ち着かない。』"
"小鳥遊 乙羽（独白）(CH01_0207)","『でも、それだけじゃないのも自覚してる。』"
"小鳥遊 乙羽","『………』"
"小鳥遊 乙羽（独白）(CH01_0208)","『はぁ…この単元、好きだし得意だから、いつもならこの授業も楽しいんだけど……』"
"小鳥遊 乙羽（独白）(CH01_0209)","『でも…今、頭の中は先生の説明でも数式でもないモノでいっぱいになってる。』"
"小鳥遊 乙羽（独白）(CH01_0210)","『それは…大事な勉強すら押しのけて、私の意思に関係なく日に日に大きくなって……。』"
"小鳥遊 乙羽（独白）(CH01_0211)","『起きてから眠るまで、何をしていても離れない。少しでも意識をしたら一気に膨らんでしまう…。』"
"小鳥遊 乙羽（独白）(CH01_0212)","『なんでこんな風になっちゃったんだろう………。』"
"小鳥遊 乙羽（独白）(CH01_0213)","『多分、きっかけはあの日。階段から足を踏み外して…』"
"小鳥遊 乙羽（独白）(CH01_0214)","『おじさんが私を受け止めてくれた時…。あの時から…』"
"教師","『この場合は、双方の数字を消して…』"
"小鳥遊 乙羽（独白）(CH01_0215)","『私がおじさんを…押し倒したみたいになって…、おじさんのおっきな手が………』"
"小鳥遊 乙羽（独白）(CH01_0216)","『私の…おっぱいを……鷲掴みするみたいに…。』"
"小鳥遊 乙羽(CH01_0217)","『ん…はぁ…』"
"小鳥遊 乙羽（独白）(CH01_0218)","『おじさんの指がおっぱいを揉むみたいに……ぐにぐにって…動いて…』"
"小鳥遊 乙羽（独白）(CH01_0219)","『おじさんも、…お、おじさんの…おチンチンが……か…硬くなってて…』"
"小鳥遊 乙羽（独白）(CH01_0220)","『すごく…エ……エッチで興奮しちゃって…。』"
"小鳥遊 乙羽(CH01_0221)","『っ……』"
"小鳥遊 乙羽（独白）(CH01_0222)","『あれから、ずっと…気を抜くとその時のことばっかり思い出して、他のことが考えられなくなって…。』"
"小鳥遊 乙羽（独白）(CH01_0223)","『その繰り返しばかりしてる。』"
"小鳥遊 乙羽(CH01_0224)","『んっ………』"
"小鳥遊 乙羽（独白）(CH01_0225)","『ダメ…また変な気持ちになってる。最近いつも感じてる、ムズムズした…変な感じがこみあげてきてる。』"
"小鳥遊 乙羽（独白）(CH01_0226)","『来学期の勉強に向けての大事な授業中なのに。私…何考えてるんだろ……。』"
"小鳥遊 乙羽(CH01_0227)","『はぁ…』"
"教師","『小鳥遊、聞いてるか？』"
"小鳥遊 乙羽(CH01_0228)","『はッ、はい！！』"
"教師","『よし、聞いてるな。お前は赤点取ってここにいるわけじゃないからな。でもしっかりついてこいよ』"
"小鳥遊 乙羽(CH01_0229)","『ぁ…は、はい…！』"
"教師","『おい、そこのお前、全然違うページ開いてるぞ。しっかりしろ』"
"隣の男子生徒","『え、今…何ページですか？！』"
"教師","『お前なぁ…。ほら、そこの２人も笑ってないで、集中しろ、集中！』"
"小鳥遊 乙羽（独白）(CH01_0230)","『あ、…ああ…ぁあ……びっくりした。本っ当にびっくりした…。』"
"小鳥遊 乙羽（独白）(CH01_0231)","『一瞬、変なことを考えてるのがバレて、声をかけられたのかと思った…。』"
"小鳥遊 乙羽（独白）(CH01_0232)","『先生だけじゃなくて、一緒に補習を受けてる男の子もいるのに…。』"
"教師","『じゃあ、次の問題は…』"
"小鳥遊 乙羽（独白）(CH01_0233)","『でも、少しホッとしたら、すぐにまた…思い出して…ムズムズするのが止まらなくなる…。』"
"小鳥遊 乙羽（独白）(CH01_0234)","『もう…ダメなの。ダメなのに…。』"
"小鳥遊 乙羽(CH01_0235)","『ふ…はぁ…』"
"小鳥遊 乙羽（独白）(CH01_0236)","『落ち着かないよぉ…。先生の話がちっとも頭に入ってこないし…。』"
"小鳥遊 乙羽","『…………』"
"小鳥遊 乙羽（独白）(CH01_0237)","『気付かれないように、そっと…教室内にいる皆を…。チラっと……。』"
"小鳥遊 乙羽（独白）(CH01_0238)","『…先生、同級生。男の…人ばっかり。みんな……男性だから…みんな、あそこに……』"
"小鳥遊 乙羽（独白）(CH01_0239)","『…おじさんと一緒で…お…おチンチンが…ついて…。……ダメダメっ！私、何考えて…。こんなのダメ…。』"
"小鳥遊 乙羽（独白）(CH01_0240)","『なのに…。…そう思ったら、勝手に目が行っちゃう。こんなのどうかしてる。』"
"小鳥遊 乙羽（独白）(CH01_0241)","『本当にどうかしてる…。どうかしてるのに。』"
"小鳥遊 乙羽","『…………』"
"小鳥遊 乙羽（独白）(CH01_0242)","『おじさんが私のおっぱいで…興奮して…お、おっきくなったおチンチン…と、一緒のモノ…。』"
"小鳥遊 乙羽（独白）(CH01_0243)","『おじさんが…私のエッチな部分で…興奮して…………それが、当たった…あの、硬い…感触。』"
"小鳥遊 乙羽(CH01_0244)","『…ん』"
"小鳥遊 乙羽（独白）(CH01_0245)","『また、あの時のことだけで頭いっぱいになってる。ダメ…いけないの……。』"
"小鳥遊 乙羽（独白）(CH01_0246)","『どうにか……どうにかしなくちゃ……。』"
"小鳥遊 乙羽(CH01_0247)","『は……』"
"小鳥遊 乙羽(CH01_0248)","『……んっ』"
"小鳥遊 乙羽（独白）(CH01_0249)","『あ、あの…硬さとか、大きさとか…。あんなのが中に…あそこの中に入るって思ったら…』"
"小鳥遊 乙羽（独白）(CH01_0250)","『すごく、ムズムズする。なんでかわかんないけど…すごく…我慢が…出来なく……』"
"小鳥遊 乙羽(CH01_0251)","『はぁ…っ…はぁ…』"
"小鳥遊 乙羽（独白）(CH01_0252)","『い…いじっちゃってる…』"
"小鳥遊 乙羽（独白）(CH01_0253)","『こんなこと…バレたら絶対ダメなのに…。……止められない。どうやっても…もう我慢できない』"
"小鳥遊 乙羽（独白）(CH01_0254)","『布が擦れてるだけなのに…すごい…。頭の奥で何かが…ジワっと滲んで…熱を持ってるみたい』"
"小鳥遊 乙羽(CH01_0255)","『っは…、は…』"
"小鳥遊 乙羽（独白）(CH01_0256)","『こうしてるだけなのに…。いじってるのはここだけなのに全身に広がっていって…響くみたい…』"
"小鳥遊 乙羽（独白）(CH01_0257)","『いじればいじるほど…痺れるみたいな変な感覚がどんどん広がって…』"
"小鳥遊 乙羽（独白）(CH01_0258)","『あそこがすごく…ジンジンして気持ちいい…』"
"小鳥遊 乙羽（独白）(CH01_0259)","『気持ちいいのに…すごくおかしい感じ。お腹より…もっと下の…奥の…方が…』"
"小鳥遊 乙羽(CH01_0260)","『ふ…ぅ………』"
"小鳥遊 乙羽（独白）(CH01_0261)","『この中…奥の方…お腹の下の真ん中…。なんだか…ふわふわする…』"
"小鳥遊 乙羽（独白）(CH01_0262)","『ふわふわして…ちょっとムズムズが収まっていっているような…でも、なんだか違う……みたいな…』"
"小鳥遊 乙羽（独白）(CH01_0263)","『どうしたらいいのかわかんない。やめなきゃ…。やめて、早く…授業を、聞かなきゃ…。授業……』"
"小鳥遊 乙羽（独白）(CH01_0264)","『集中は…どうやったら…出来るの…？授業は…、…どうしたら…』"
"小鳥遊 乙羽(CH01_0265)","『はぁ……ぁっ…』"
"小鳥遊 乙羽（独白）(CH01_0266)","『もっと内側…奥を…触りたい…。上から…ちょっとだけ…。ここ…？ちょっとだけ…』"
"小鳥遊 乙羽（独白）(CH01_0267)","『ううん、ダメ…。でも…ここに、この奥に……』"
"小鳥遊 乙羽(CH01_0268)","『っ…ぁ…』"
"小鳥遊 乙羽（独白）(CH01_0269)","『おじさんのが……私のあそこででも…ちゃんと入って………エッチ…できるのかな…』"
"小鳥遊 乙羽（独白）(CH01_0270)","『すごく恥ずかしい…。こんなことばかり考えて…止まらない。やめたいのに…やめられなくなってる…』"
"小鳥遊 乙羽（独白）(CH01_0271)","『止めて…誰か……。もどかしい…。もっと、強い刺激が欲しい…。もっと……』"
"小鳥遊 乙羽（独白）(CH01_0272)","『ペンじゃなくて…そっと……絶対バレないように…』"
"小鳥遊 乙羽(CH01_0273)","『んっ…』"
"小鳥遊 乙羽（独白）(CH01_0274)","『す…すごい…！ダメなことのに…。だけど…さっきと全然違う…』"
"小鳥遊 乙羽（独白）(CH01_0275)","『ムズムズが強くなるのに…フワッとして、同時にすごくキュゥってなる』"
"小鳥遊 乙羽（独白）(CH01_0276)","『この感覚が合ってるのか、違うのかはわからないけど、すごく気持ちいい…かも…』"
"小鳥遊 乙羽（独白）(CH01_0277)","『…あ、…パンツの下…ヌルヌルしてきちゃってる…。本当に…ダメ…』"
"小鳥遊 乙羽（独白）(CH01_0278)","『おじさん…私、変になってる…。おじさんが私のおっぱいで興奮したりするから…』"
"小鳥遊 乙羽（独白）(CH01_0279)","『やっぱり気持ちいい。かもじゃないの…。こうしてるの…本当にすごく気持ちいい…』"
"小鳥遊 乙羽（独白）(CH01_0280)","『布ごしに軽く擦ってるだけなのに…どんどんヌルヌルして……』"
"小鳥遊 乙羽（独白）(CH01_0281)","『食い込むみたいに、指先が……滑って…』"
"小鳥遊 乙羽(CH01_0282)","『んっ！！！』"
"小鳥遊 乙羽(CH01_0283)","『…げほ、げほ…、っふー…げほ…』"
"小鳥遊 乙羽（独白）(CH01_0284)","『誤魔化せたかな…おっきい声…出ちゃった…。でも…』"
"小鳥遊 乙羽（独白）(CH01_0285)","『なっ…なにここ…す、すごい…ビリビリって…。痺れるとかじゃなくて…感電したみたいな……』"
"小鳥遊 乙羽（独白）(CH01_0286)","『一瞬周りの音が全部消えちゃったかと思った。すごい…』"
"小鳥遊 乙羽（独白）(CH01_0287)","『も、もう１回だけ…。さっきのとこを軽く…。し、しながら…おじさんとのことを…』"
"小鳥遊 乙羽（独白）(CH01_0288)","『ううん、ダメ…。ああ、思い出したら、すごく…気持ちよくっ…またビリビリしてる…』"
"小鳥遊 乙羽（独白）(CH01_0289)","『もう、もう…っ…ずっとこうしてたい…！』"
"小鳥遊 乙羽（独白）(CH01_0290)","『ずっとこうして…触って、もっと…もっと…フワフワでキュゥって。苦しくなるムズムズは全部消えちゃうまで…』"
"教師","『小鳥遊！』"
"小鳥遊 乙羽(CH01_0291)","『はっ、はいぃっ！！！！』"
"小鳥遊 乙羽（独白）(CH01_0292)","『っ…頭が真っ白………。どうしよう。バレた…？なんで？なに？なに？…』"
"教師","『例題３の答え、言ってみろ』"
"小鳥遊 乙羽（独白）(CH01_0293)","『そ、そうだ、例、問い…授業！…えっと』"
"小鳥遊 乙羽(CH01_0294)","『へっ…ぇ、れ、例題…３、ですか？…えっと…えっと…』"
"隣の男子生徒","『小鳥遊さん、体調悪いの？…さっきから大丈夫？』"
"小鳥遊 乙羽(CH01_0295)","『あ、え、う、うん…だ、大丈夫！』"
"隣の男子生徒","『…例題、そのページじゃなくて、２ページ先の、下の方にあるよ』"
"小鳥遊 乙羽(CH01_0296)","『あっ、ありがと…。えっと…えーっと……』"
"小鳥遊 乙羽（独白）(CH01_0297)","『もう何が何だかわからない。どうにかしなきゃ…！』"
"小鳥遊 乙羽（独白）(CH01_0298)","『えっとえっと…』"
"小鳥遊 乙羽（独白）(CH01_0299)","『どうしよう。えーっと…これは、４、マイナスの…えっと…えっと…。』"
"小鳥遊 乙羽（独白）(CH01_0300)","『割って、乗算するから…。っぇ…？…んっ！！まだ…いじってたところが疼いてる…ダメ…』"
"小鳥遊 乙羽(CH01_0301)","『す、すみません。わ、分からない、です…』"
"小鳥遊 乙羽（独白）(CH01_0302)","『どうしよう…。解き方は分かるのに…。ホワホワして…ボーッとして、計算が全然できない…。』"
"教師","『はぁ…。じゃあちゃんと聞いておけよ？』"
"小鳥遊 乙羽(CH01_0303)","『は、はい…すみません…』"
"教師","『じゃあ、さっきから小鳥遊に話しかけてる…茂部、お前わかるか？』"
"茂部","『げっ…！バレてたんだ…』"
"教師","『当たり前だ。お喋りする余裕があるんだから早く答えろ』"
"茂部","『えー…６ですよね？』"
"教師","『っ、なんでそんな数字になるんだ。式見せてみろ』"
"茂部","『あ、はい…』"
"小鳥遊 乙羽（独白）(CH01_0304)","『…ああもう…私、教室で…、しかも大事な授業中にあんなところ夢中で触って…』"
"小鳥遊 乙羽（独白）(CH01_0305)","『本当に……何やってるんだろう…。』"
"小鳥遊 乙羽（独白）(CH01_0306)","『恥ずかしい…。さっきまでの自分が自分じゃないみたい。』"
"小鳥遊 乙羽（独白）(CH01_0307)","『…なんで、私、こんなのじゃないはずなのに。』"
"小鳥遊 乙羽（独白）(CH01_0308)","『このままじゃ、先生にも出来ない子だって思われるし、成績が下がったら、お母さんになんて言われるか…。』"
"小鳥遊 乙羽（独白）(CH01_0309)","『でも、まだ…熱いの。興奮してる…。触るのがすごく気持ちいいの。』"
"小鳥遊 乙羽（独白）(CH01_0310)","『…私、本当にどうしちゃったの？』"
"小鳥遊 乙羽（独白）(CH01_0311)","『どうしたら、何をしたら……この状態から解放されるのかな。辛いよ…………。』"
"小鳥遊 乙羽（独白）(CH01_0312)","『私、本当におかしくなっちゃったよぉ…。』"
