﻿Character,Text
"","屋外の雑務を終わらせて、今は校内で涼んでいた。用務員室まで戻るのも面倒だ。"
"","今日やらなくてはいけない仕事がこんな時間に終わってしまった。あとは見回りぐらいか…。"
"","ブラブラと歩きながら考える。"
"","明日使う用具を倉庫の近くまで運んでおこうか。しかし今日は特別暑い気がする。屋外には出たくない。"
"","このままあてもなく見回りのふりをしてダラダラと散策しよう。"
"","いつものルートだと教員に呼び止められて仕事を押し付けられるかもしれない。"
"","普段はあまり行かない方へ行くか…。"
"","―――――――"
"","―――――"
"","しばらくすると、明らかに女生徒のものである複数の声が聞こえてきた。"
"","恐らく部活だろう。そう考えると、自然と声の元に足が向かう。"
"","そして、体育館へ辿り着いた。声はするものの、ボールが跳ねる音などは聞こえてこない。"
"","ということは、新体操部だろうか。だとすればラッキーだ。…覗いてみよう。"
"","期待通り、そこには眼福な光景が広がっていた。新体操部の部活中だ。"
"","目の前には、ボディラインにぴったりと張り付くレオタードを身に着けている女生徒達がいる。"
"","顧問は今はいないようだ。"
"","やはり、キャッキャと賑やかにしてる若い女の子はいい。練習前なのか、あちらこちらでストレッチを始めている。"
"","すっと伸ばされた腕に光沢のある滑らかな布地が吸い付き、腕の肉付きから胴体に繋がる部分の形がありありと浮かび上がっている。"
"","そして誰もが、俺に見せるためかと勘違いするほど遠慮なく脚を広げ、平然とあられもないポーズを取ったりしている。"
"","あの薄い布地1枚の奥に、みずみずしく引き締まったおマンコがあると思うと、自ずと股間が熱くなる。"
"","…あーたまらん。今日はこれを思い出しつつ、学生新体操モノでシコろう。"
"","ここにいる柔軟な子達が相手なら、どれだけ下品なポーズや体位でもお手のものだろう。"
"","たっぷり中出ししてやる。"
"女子部員Ａ","『一緒にやろ』"
"女子部員Ｂ","『ん、今日なんか右側伸びにくい…』"
"女子部員Ｃ","『はい、呼吸止めないでー吐きながら伸ばしてー』"
"","飛び交う声も若々しく心地よい。"
"","ひとりずつ、頭の先から足のつま先までゆっくりと目線で堪能する。"
"","骨格から肉付き、身長や胸のサイズまで…レオタードのおかげで丸見えだ。"
"女子部員Ｄ","『今日の自主、前倒ブリッジしようかな』"
"女子部員Ｅ","『あ、私もそれやる！』"
"","どんなつもりで見られているかも知らずに無邪気に会話するさまもいい。"
"","こうして見比べてみれば、明らかに日焼け止めで白い肌を保っている子もいれば、自然に焼けている子もいる。"
"","体格の違いはあれど、どの子も健康的で艶とハリがあった。"
"","あそこにいる子は特に肌艶がすごい。肉付きもなかなか…"
"？？？(CH04_0000)","『ん？…ちょっとぉ！アンタ何見てんのよ！！』"
"主人公","『…っ？！』"
"","半身を隠して覗いていたのに、視線に気付かれた…。肩が波打ってしまった。"
"？？？(CH04_0159)","『ここ、部外者立ち入り禁止なんだけどー』"
"","なんだ、あの…ギャルか…？レオタードを着ているが雰囲気から明らかに分かるものがある。"
"","場違いな感じに首をひねる。"
"暁 莉乃(CH02_0020)","『…ココア？どうしたの？』"
"田中 心々愛(CH04_0001)","『あ、先輩。なんかあそこに知らないオッサンがいてー、めっちゃこっち見てるんですよ』"
"","お、莉乃ちゃんだ…と思っている間に、こっちを示されて身を隠すことも出来なくなってしまった。"
"","知らぬ顔をするのも不自然なので、軽く手をあげて挨拶する。"
"暁 莉乃(CH02_0021)","『あ…』"
"田中 心々愛(CH04_0002)","『ん？先輩、知り合いなんですか？あんな小汚いおっさんと』"
"暁 莉乃(CH02_0022)","『え…？あ、うん。この間、学校でちょっと話したくらいだけど…』"
"暁 莉乃(CH02_0023)","『あの人…部外者じゃなくて、新しい用務員さんだよ』"
"田中 心々愛(CH04_0003)","『え？そうなんですか？へぇ…』"
"暁 莉乃","『………』"
"田中 心々愛(CH04_0004)","『先輩、どしたんすか？』"
"暁 莉乃(CH02_0024)","『私、ちょっと話してくるね』"
"田中 心々愛(CH04_0005)","『あ、ハイ』"
"","ギャルと話していた莉乃ちゃんがこちらに向かって歩いてきた。"
"","そして、目の前に立たれる。この格好の莉乃ちゃんを間近でみれるとはツいている。"
"主人公","『やあ、莉乃ちゃん』"
"暁 莉乃(CH02_0025)","『…あの、こういう場では苗字で呼んでくれない？』"
"","俺に声をかけながら、背後の少し離れた場所にいる部員達のほうを気にしているようだ。目線が泳いでいる。"
"主人公","『ああ。おじさんとの関係を、部員の皆は知らないだろうからね』"
"暁 莉乃(CH02_0026)","『別に…っていうか変な言い方はやめて』"
"","つれない態度よりも、肉体を見せつけてくる衣装に目を奪われている。"
"主人公","『ごめんごめん。それはそうと…部活のことは聞いてたけど実際こうやってレオタード姿を見ると感慨深いな』"
"暁 莉乃(CH02_0027)","『か、感慨…？』"
"主人公","『莉乃ちゃんも大きくなって、後輩が沢山いる場で活躍して…それに健康そうな体で何よりだってね』"
"暁 莉乃(CH02_0028)","『だからっ、その名前呼びじゃなくって……ってどこ見てるのよ』"
"主人公","『ああ、ごめんね。暁さんって言えばいいのかな。恰好が恰好だからついそっちに目が行っちゃって…』"
"","距離を置こうとしてくる態度に、少しあてつけてみる。胸の膨らみや腰の括れの目線をやる。"
"暁 莉乃(CH02_0029)","『…もう帰って』"
"主人公","『帰ってって…この学校はおじさんの職場だよ？』"
"暁 莉乃(CH02_0030)","『仕事に戻ってって意味。体育館は使用後に掃除してるし、顧問の先生がいるから見回らなくていいし』"
"主人公","『そうか…。じゃあ他から仕事を片付けにいくとするかな』"
"","間近でたっぷりと見れた。もっと…とも思ったが今は退くとしよう。"
"","莉乃ちゃんをこれ以上感情的にさせる意味も今はない。"
"主人公","『じゃあ、部活頑張ってね』"
"","莉乃ちゃんに背を向け、どこに行こうかと考えながら歩き出す。"
"暁 莉乃(CH02_0031)","『…はぁ…』"
"","最後にちらっと振り返ると、あのギャルの元へ戻っていく莉乃ちゃんが見えた。"
"田中 心々愛(CH04_0006)","『っはー、肩のびるー……って、先輩…なんか、めちゃ顔疲れてますよ？どしたんすか？』"
"暁 莉乃(CH02_0032)","『んー…なんでもない。えっとその…他の部員に、新任の用務員さんだって知らない子が多いから伝えるって話をしただけ』"
"田中 心々愛(CH04_0007)","『あー、ですよねー。ウチだって一瞬フツーに不審者って思いましたよー』"
"暁 莉乃(CH02_0033)","『あはは…』"
"暁 莉乃(CH02_0034)","『よし、私も始めよっと…』"
"田中 心々愛(CH04_0008)","『でもアレ、部外者じゃなくてもー…めっちゃエロい目でウチらのこと見てましたよねー』"
"暁 莉乃(CH02_0035)","『え…、そんなことはないんじゃないかな…』"
"田中 心々愛(CH04_0009)","『いやいや、めっちゃガン見してきてましたよ。もうどんだけ溜まってんのって感じですよね』"
"暁 莉乃","『……』"
"田中 心々愛(CH04_0010)","『マジ冴えないオッサンだからパコる相手とかいないだろうしぃ。目線がミョーに脂ぎってる感じでー』"
"暁 莉乃(CH02_0036)","『ココア、あの人の話はそのあたりでやめてよ』"
"田中 心々愛(CH04_0011)","『ウチらをズリネタにするぐらいしか楽しみがないって思ったら、多少の視姦ぐらいは許せちゃいますけどね』"
"田中 心々愛(CH04_0012)","『それにー必死にチンポシゴいて慰めてるって思うと、ちょっとコーフンするかも。汚される快感、みたいなｗ』"
"暁 莉乃(CH02_0037)","『ココア！そのへんにしときなさいってば！』"
"田中 心々愛(CH04_0013)","『う、……はーい。スミマセン』"
"暁 莉乃(CH02_0038)","『ほら、ストレッチ再開！集中、集中！』"
"田中 心々愛(CH04_0014)","『はぁい。先輩、真面目ですね。んっ、と…』"
"暁 莉乃(CH02_0039)","『普通だよ。それに新体操は見せる競技なんだから、っ…ふー…、目線なんか気にしてられないし』"
"田中 心々愛(CH04_0015)","『っ…、ふー…』"
"暁 莉乃(CH02_0040)","『…っと！はい、そろそろ次のストレッチいくよ』"
"暁 莉乃(CH02_0041)","『さ、前屈開始』"
"田中 心々愛(CH04_0016)","『うげ…ウチ、マジで前屈は苦手なんですよね…』"
"暁 莉乃(CH02_0042)","『んもー、それずっと言ってるじゃん。入部した時から言ってない？』"
"田中 心々愛(CH04_0017)","『ホント全然ラクになんなくて。でも最初よりは結構イケるようになったんですよ』"
"暁 莉乃(CH02_0043)","『そうそう。体が硬くて苦手でも、ちょっとずつ進歩していけるんだから、今日も頑張ろ！』"
"暁 莉乃(CH02_0044)","『んっ、んっ…、そういえばココアって何でこの部に入ったの？』"
"田中 心々愛(CH04_0018)","『んっ、ふっ…どうしたんですか、急に？…んっ…』"
"暁 莉乃(CH02_0045)","『いやー、こう言っちゃ悪いけど、んっ、ふ…なんか部活しそうにないって言うか、ん…はぁ…っ、遊び第一なとこあるじゃん？…んっ』"
"田中 心々愛(CH04_0019)","『それは…ぁっ…そうなんですけど、ウチのガッコ、部活っ…っは…必須…っじゃないですか。んっ…』"
"田中 心々愛(CH04_0020)","『ウチだって、必須じゃなかった…っ、ら……んっ…はぁ…、入部する気なんて最初、無かったですよ』"
"暁 莉乃(CH02_0046)","『うん、だから何で他の部活じゃなくて新体操に…んっ、ふぅ…したの、かなって』"
"暁 莉乃(CH02_0047)","『サボろうと思えばもっと…あぁっ、都合のいいのあったんじゃないかなって。ほら、文化系とか』"
"田中 心々愛(CH04_0021)","『んんーっ、…この格好、レオタード見てぇ、あ、コレめっちゃ男ウケイイって、もう即入部決めたんですよー』"
"田中 心々愛(CH04_0022)","『ウチみたいなのがこんな清楚っぽい部活してたら、ん……ふ、あっ…ギャップ受けもいいんじゃないかっ、て』"
"暁 莉乃(CH02_0048)","『ええ…そんな理由？んん…でもココアらしいっ、かも。はぁっ…』"
"田中 心々愛(CH04_0023)","『ホントは多少できるフリ身につけたら、っ…いー感じにユーレー部員に、くっ…なるつもりだったんですけど』"
"田中 心々愛(CH04_0024)","『やってたら結構楽しくってー、んっ、自分でも意外であっ、前屈はもうハナっからダメだけど』"
"暁 莉乃(CH02_0049)","『最初、直角に座って全然動けてない時に比べたらっ…っしょ、柔らかくなってるじゃん。続いてるしすごいよ』"
"田中 心々愛(CH04_0025)","『あざすッ　あ、そうそう、こうやって先輩と楽しくやれてるってのもあるんでー。ふっ、んん…』"
"暁 莉乃(CH02_0050)","『ふふ、ありがと。ふー…ん、ココアも真面目なとこあるじゃん』"
"田中 心々愛(CH04_0026)","『あーでもー、っ、ん…一番っていうとー…エッチがめっちゃよくなったんですよ…』"
"暁 莉乃(CH02_0051)","『え、ええ…？！それ、続けてる一番の理由？』"
"田中 心々愛(CH04_0027)","『ハイ。ん、腰使いとか体位とか、ふぅ、はぁ…そうそうあと、締まりが…んっ、いいらしくって、カレシがー…』"
"暁 莉乃(CH02_0052)","『こらこらこら…！っもー！周りの部員に丸聞こえだし、今はその話はダメ！』"
"田中 心々愛(CH04_0028)","『じゃあちょっと小声でー。ん、っは…気が紛れないとこのストレッチつらくって…』"
"暁 莉乃(CH02_0053)","『ほんと小声で話してよ』"
"田中 心々愛(CH04_0029)","『ハイ。ふぅ…はぁ…。あ、で、気になってたんですけど先輩ってもうカレシとパコりました？』"
"暁 莉乃(CH02_0054)","『え、パっ…ぃ、痛っ…ってて…！し、シてないよ、そ、そんなの』"
"田中 心々愛(CH04_0030)","『あはは、いきなり体動かしたら、傷めるって言ったの先輩なのに、気を付けてくださいよー』"
"暁 莉乃(CH02_0055)","『コ、ココアが変なことを急に言うからでしょ！』"
"田中 心々愛(CH04_0031)","『で、それってマジですか？ん、んっ…っは…そんな体付きエロいのに？まだカレシとヤってないんですか？』"
"暁 莉乃(CH02_0056)","『んっ…そ、そんな、あり得ないものを見るような目で見ないでよ…。本当に、その、まだシてないんだから』"
"田中 心々愛(CH04_0032)","『え、マジやばくね？ふー…っふー…先輩のカレシ、まさか……インポなんすか？』"
"暁 莉乃(CH02_0057)","『イ、イン…！？はぁぁ…んんっ…そ、それは違うよ…』"
"田中 心々愛(CH04_0033)","『あ、インポじゃないって事は知ってるんだ。ちょ、ウケるｗ』"
"暁 莉乃(CH02_0058)","『わ、笑わないでよぉ…。なんか…、いい雰囲気になった時に、その…、股間の方、気にしてるのが、ね…』"
"田中 心々愛(CH04_0034)","『あは。あるあるっすね…はぁ、ふぅ…そうそう、ウチ、今付き合ってるカレシとデキたのがハメプリで…』"
"暁 莉乃(CH02_0059)","『んっはっ…ん？えっと、その…ハメプリって何かな…？』"
"田中 心々愛(CH04_0035)","『そのまんまの意味ですよ。あっ…ふぅ…ハメたままプリ撮るんです。またスリルがあってイイんですよ』"
"暁 莉乃(CH02_0060)","『そ！そんなの撮るの？！』"
"田中 心々愛(CH04_0036)","『気持ちイイですよー。んっ…新体位チャレンジ記念とか撮るのも絆アゲだし…部活終わったら覗いてみます？』"
"暁 莉乃(CH02_0061)","『わ、私、はぁ…ぁっ…そんなのに彼氏を誘えないよ！』"
"田中 心々愛(CH04_0037)","『あはは、先輩焦り過ぎ。んっ…ウチと２人で様子見しておけば、カレシと行きたくなった時によくないですか？』"
"暁 莉乃(CH02_0062)","『だ、大丈夫だよ。はぁ、ふぅ…、ん…私、ココアみたいにそ、そういうのを撮る趣味ないし…。んっ』"
"田中 心々愛(CH04_0038)","『はぁっんっ…じゃあ、気が変わったらいつでも声かけてくださいよ。ウチで良かったら案内しますよ』"
"暁 莉乃(CH02_0063)","『ココア、そういう…んっ、変なとこすごく面倒見がいいよね…。んっ、っは…』"
"田中 心々愛(CH04_0039)","『んんっ…いや、面倒見とかじゃなくて、はぁ…マジでちょっと心配になっちゃって…。んっ、ふ…』"
"暁 莉乃(CH02_0064)","『…心配？』"
"田中 心々愛(CH04_0040)","『ん…、は…カレシが勃ててるの知ってるのにパコってないってことは、よーするにカレシに我慢させてるってことですよね？んっ…』"
"田中 心々愛(CH04_0041)","『っしょ…んっ……ウチ、それで浮気に走らないオトコ、みたことないんで。…んっ』"
"暁 莉乃(CH02_0065)","『ふー…はー…そ、そんな、みんながみんな、そうじゃないと思うよ？…んっ…っは…』"
"田中 心々愛(CH04_0042)","『でもー…我慢、女と違ってハンパなくつらいみたいですよ。んっ…そうなる前に…』"
"田中 心々愛(CH04_0043)","『はぁ…サクっと済ませちゃった方がっ…いいですよー』"
"暁 莉乃(CH02_0066)","『んっ…そう、なのかなぁ…』"
"田中 心々愛(CH04_0044)","『あ、インポじゃなくても、中折れヒドくて無理とかだったら言ってくださいね？』"
"田中 心々愛(CH04_0045)","『先輩になら特別にウチのカレピ貸せなくもないんでー』"
"暁 莉乃(CH02_0067)","『っもー！ココア、この話はおしまい！後輩の子がこっち見てるし…』"
"田中 心々愛(CH04_0046)","『ウチ、小声ですよ？先輩が結構声大きくなってて…』"
"暁 莉乃(CH02_0068)","『はぁ…んもー…前屈も次のセットでおしまい！今日も私と前半は同じ練習するでしょ？』"
"田中 心々愛(CH04_0047)","『やりますよー！あー、やっと前屈終わりに出来るー』"
"暁 莉乃(CH02_0069)","『あと５回で１セット終わりだからね？』"
"田中 心々愛(CH04_0048)","『うえ…ハーイ…』"
