﻿Character,Text
"","教師数人から次々に頼まれた雑事をどうにか済ませて、休憩している。"
"","夜明け前から莉乃ちゃんの夢をおかずに、空が白むまで散々オナニーしたせいか"
"","すでに気怠く、ちょっとした仕事でも面倒だ。"
"","――――――――"
"","――――"
"","２日ほど掃かなかっただけで、モップを振るうと埃が軽く舞いあがる。"
"","上級生が使う教室にある廊下は、夏休みでほぼ誰も使っていないはずなのにこの有様だ。"
"","作業を始めると、休憩で引いていた汗もすぐに噴き出してくる。"
"","グラウンドから聞こえてくる、部活の遠い掛け声を耳にしながら無心で掃除をする。"
"","暑い、だるい…。あまり考えないようにしないとイライラしてきてしまう。"
"","生徒が１人もいない長い廊下は、余計に長く広く思える。"
"","もっとマシな仕事に就きたい。かといって、給料が極端に低いのも嫌だ。今の仕事が我慢の限界ラインだ。"
"","…無心のつもりが、汗と共に不満も噴き出してきてしまう。袖口で汗を軽く拭った。"
"？？？(CH02_0173)","『ちょっと、話があるんだけど』"
"","突然響いた声に手を止める。よく知っている声だ。汗をもう一拭いして、振り返った。"
"主人公","『莉乃ちゃんか、どうしたんだい？』"
"","神妙な顔つきでこちらをじっと見ながら歩いてくる。"
"暁 莉乃(CH02_0174)","『…仕事中みたいだけど、話したいことがあるから手を止めてもらえない？』"
"主人公","『話？』"
"","こっちは汗まみれだっていうのに、労いの言葉１つさえなく、ニコリともしないで俺の近くまで歩いてくる。"
"","可愛げはないものの、改めて見ると俺好みの体つきをしたいい女になっている。"
"","運動で引き締まっている手足、それでも隠し切れない女特有の丸みを帯びた体の線。"
"","この暑さで、薄っすらと汗ばんで張りのある肌。それらが自然とこちらの視線を艶めかしく誘う。"
"","そんなズリネタが目の前に現れた。抜いてから大した時間も経っていないのに、また股間が熱くなる。"
"暁 莉乃(CH02_0175)","『本当はこんなところで話したくないんだけど…』"
"主人公","『だったら、おじさんの部屋に来て話すかい？』"
"","今朝の夢が頭に浮かんだまま、咄嗟に誘ってみる。夢で見たより時もたまらなくなっている。"
"","俺に懐いていた頃は二つ返事でどこにでも付いてきた。時折、引き剥がすのに苦労したほどだ。"
"暁 莉乃(CH02_0176)","『ううん。嫌。アンタと２人きりになるような場所には行きたくない』"
"","にべもなく、心底嫌そうに吐き捨てられた。しかも、おじさん呼びでもなくアンタときた。"
"","ちょっと離れていただけで、あれだけ懐いていた子がここまで憎たらしくなるものか…。"
"","散々よくしてやったのに、何を勘違いしているんだ。俺がどこまでお前という女を知ってると思ってるんだ。"
"暁 莉乃(CH02_0177)","『ちょっと。私が話そうとしてるのにぼーっとしないでよ。大事な話なんだから』"
"","内心、生意気さに舌打ちしながらも、平静を装う。"
"主人公","『…聞いてるよ。話してごらん』"
"","苛立ちを抑えながら、掃除道具を壁に立てかけた。"
"暁 莉乃(CH02_0178)","『前、部活中に体育館に来て、ずっと部員とか…私の方見てたでしょ』"
"主人公","『のびのびと若い体で部活に励んでいて、何よりだよ。やっぱり若い子はいいねえ』"
"暁 莉乃(CH02_0179)","『っ…若い体とか、思っても口にしないでよ。…もう、そういうところがほんと嫌なの』"
"主人公","『実際、莉乃ちゃんは若いんだから』"
"暁 莉乃(CH02_0180)","『そういう意味じゃなくって…』"
"暁 莉乃(CH02_0181)","『はぁ…ともかくそういうセクハラめいた発言、やめて欲しいの』"
"","表情は険しいが、汗で張り付きかけているシャツから薄っすら透けている肌や下着が俺の目を潤す。"
"暁 莉乃(CH02_0182)","『今も、すぐ部屋に誘おうとしたり…』"
"主人公","『莉乃ちゃんがここで立ち話はしたくないって言ったから提案しただけだよ』"
"暁 莉乃(CH02_0183)","『そう』"
"","うっとおしそうに、流されるように短く返事をされると苛立ちが募る。"
"暁 莉乃(CH02_0184)","『ともかく、用務員なら体育館に来ることもあるだろうけどああやって見つめたりされたら目立つし…』"
"暁 莉乃(CH02_0185)","『じっと見つめてくるの、やめてもらえない？人目があったら尚更、嫌』"
"","抱いて、開発してやって…なのに俺がこの町を離れている間に男を作って、いっぱしのイイ女のつもりか？"
"主人公","『人目がなかったら、いいのかい？莉乃ちゃんは見られると喜んでたからなぁ』"
"","わざと吹っ掛ける。"
"暁 莉乃(CH02_0186)","『っ…！！だからそうじゃないってば！！それにもうそういう話は本当にやめて！』"
"暁 莉乃(CH02_0187)","『っ…』"
"","俺がニヤニヤしているのに気付いたのか、はっとして取り乱すのを自制したようだ。"
"","…つまらない。こっちに頼みごとをするのであれば、多少は楽しませるなりなんなりするべきだろう。"
"暁 莉乃(CH02_0188)","『変に思われたくないの。勘繰られたくないっていうか…』"
"主人公","『それは莉乃ちゃんが気にし過ぎているだけじゃないかなあ？』"
"暁 莉乃(CH02_0189)","『ううん。実際に、乙羽も、それに後輩も…アンタがいるとなんだか変だと思って怪しんでるから』"
"","乙羽ちゃんはさておき、確かにあのギャルみたいな後輩は勘が鋭かったな。"
"暁 莉乃(CH02_0190)","『だから、もう私を見かけても構ったりしないで』"
"暁 莉乃(CH02_0191)","『…む、昔は…関係があったけど…』"
"主人公","『…昔って？』"
"暁 莉乃(CH02_0192)","『っ…その、数年前、アンタがこの町を離れて遠くに仕事に行ってた時より…前の、こと』"
"主人公","『ああ。それより前って意味だね』"
"","威勢が目に見えて削がれている。見せかけの勢いだけで全然変わっていないじゃないか。"
"","面白い。つついてやろう。"
"主人公","『それで、関係っていうのは、どの関係のことかなあ？』"
"暁 莉乃","『………』"
"主人公","『黙ってるとわからないよ。どうしたの？』"
"暁 莉乃(CH02_0193)","『……別に、黙ってないし…』"
"","早速、支離滅裂だ。もっと煽ればどんな反応を見せるだろう。"
"主人公","『莉乃ちゃんとは色々あったからなぁ…。ちゃんと言ってくれないと、はっきりわからないなぁ』"
"暁 莉乃(CH02_0194)","『っ…』"
"","彼氏が出来ようが、まだ手出しされていないのなら、実際は俺の女のままだ。"
"","そのくせ、いきがって突っかかってくるからすぐに言いくるめられる。"
"","それを実感させてやろう。"
"主人公","『一緒によく楽しんだよねぇ。莉乃ちゃんの家で一緒に長[なが/1]ぁくお留守番したり…』"
"主人公","『お父さんやお母さんがいる時に、部屋でこっそりしたこともあったっけ…。こっそりの割りには大きな声と音が出ちゃったっけなあ…』"
"","煽りながら、俺自身も思い出して興奮してきていた。"
"","目の前で俺を睨みつけている女は、俺のチンポを咥えてよがりまくっていた、俺が抱いた女だ。"
"","言葉を重ねるごとに、どんどん顔が赤くなっている。"
"","怒りで荒くなり始めている呼吸さえ煽情的だ。"
"主人公","『そうそう。莉乃ちゃんは欲張りで、家の外ででもいっぱいおじさんと……』"
"暁 莉乃(CH02_0195)","『もう終わったことなの！！』"
"","振り絞るような声が廊下に響いた。少し驚いてしまった。"
"主人公","『…終わった、こと？』"
"","わざとゆっくり聞き返す。"
"暁 莉乃(CH02_0196)","『そう。終わったことなの。だから、もうあんなことは今後絶対、二度とない』"
"","呼吸を整えながら、こちらをじっと見つめている。"
"暁 莉乃(CH02_0197)","『それを…それを話しに来たの。ちゃんと言いたかったの』"
"主人公","『へぇ。"あんなこと"かぁ…。どんなことかはっきり言って欲しいなぁ』"
"暁 莉乃(CH02_0198)","『私だって誰にも言ってないし、言うつもりはない。言わないから…今、みたいに…蒸し返さないで欲しい』"
"","俺の言葉を無視して、むきになっている。昔のことを思い出しているに違いない。"
"主人公","『絶対にないのかぁ…残念だなぁ。莉乃ちゃんはすごく魅力的な女なのに…。はあ、勿体ないなあ』"
"暁 莉乃(CH02_0199)","『ふざけないで！』"
"主人公","『ふざけてないよ。実際にこうやって向かい合って莉乃ちゃんを見ていて、改めてそう思ったんだ』"
"暁 莉乃(CH02_0200)","『私はもう嫌なの』"
"主人公","『どうして？』"
"暁 莉乃(CH02_0201)","『ど、どうしてって…当たり前じゃない。い、いけないことだし…』"
"主人公","『いけないことだって莉乃ちゃんはいうけど』"
"主人公","『おじさんが遠くに仕事が決まって町を出る時、一番激しく求めてきたこと、今も覚えてるよ』"
"暁 莉乃(CH02_0202)","『やめてよ。蒸し返さないでっていってるじゃない。思い出したくないの！』"
"主人公","『おじさんはたまに思い出すよ。莉乃ちゃんが自分から跨って、腰を振って…』"
"暁 莉乃(CH02_0203)","『やめてって！』"
"主人公","『莉乃ちゃんから中に出してって…』"
"暁 莉乃(CH02_0204)","『もういい加減にして！！』"
"暁 莉乃(CH02_0205)","『…アンタなんかに教えたくないけど、私、今……付き合ってる人がいるの』"
"","…予想していたが、本題はやはりこれか。ああ、本当に馬鹿馬鹿しい。"
"主人公","『へぇ…男がいるのあ。莉乃ちゃんはエッチでどうしても男を惹き付けるからなぁ』"
"暁 莉乃(CH02_0206)","『っ…』"
"","また大声を出されるかと思ったが、こらえたようだ。"
"暁 莉乃(CH02_0207)","『…本当に好きな人が出来てわかったの』"
"暁 莉乃(CH02_0208)","『昔、アンタを好きだって思ってたのは、ただの勘違いだってこと。あんなのは本当の好きなんかじゃない…』"
"暁 莉乃(CH02_0209)","『だからもう本当にあんなことは絶対にないし、関わらないで欲しい。私を見かけても、話しかけないで』"
"暁 莉乃(CH02_0210)","『…伝えたいことは伝えたから。それだけ』"
"","言いたいことを吐ききったのか、俺に声を掛けた時の、トゲがありながらも、静かな面持ちに戻っている。"
"","そうか、この女はこれで全部終わると思っているのか。やはりまだまだ……考えがあまりに幼い。"
"","体だけが無駄に、いや…男を誘惑するためだけにやらしく成長しただけじゃないか。"
"","躾けられたことを”体”が忘れるわけないだろう。"
"主人公","『っ、はははは』"
"暁 莉乃(CH02_0211)","『…何を笑ってるのよ？』"
"主人公","『自分で男を引っ掛けて、つかまえるまでに成長したんだねぇ』"
"","笑いをこらえながら、わざと、ねっとりと目の前の女の体を視線で舐め回す。"
"","睨んでいても、子犬が威嚇しているようにしか感じない。"
"暁 莉乃(CH02_0212)","『じゃあ私、もう行くから』"
"","俺の横をすり抜けようとする前に、そっと足を踏み出して、去ろうとする目の前に立ちはだかる。"
"主人公","『莉乃ちゃんが言う、付き合っている人がいるのは前から知っているよ』"
"暁 莉乃","『…？！』"
"暁 莉乃(CH02_0213)","『なんでアンタが知ってるのよ！』"
"主人公","『おじさんはここが職場なんだよ？…仕事上１日中、学校にいるんだ。莉乃ちゃんが襲われたあの日の夕方…』"
"暁 莉乃(CH02_0214)","『まさか…あ、あの時…覗いてたの？』"
"主人公","『心外だなぁ。覗いてなんかいないよ。あそこは作業用具の小屋から回ると丸見えなんだよ』"
"","睨みつつもたじろぐ莉乃ちゃんに一歩詰め寄る。"
"主人公","『莉乃ちゃんがその男と談笑しながら、互いに体をくっつけてただろう？』"
"","更にもう一歩。…莉乃ちゃんの息巻いている吐息が当たる。"
"主人公","『これぐらい近く…』"
"暁 莉乃(CH02_0215)","『ちょっと…』"
"主人公","『おじさん、莉乃ちゃんはオスの匂いが好きだって、よぉく知ってるからねえ』"
"暁 莉乃(CH02_0216)","『…さ、叫ぶわよ？』"
"","凄んでみせているが、それすらそそっていることにこの女は気付いていない。"
"主人公","『タカ君だっけか…。莉乃ちゃんはきっとそいつ以上に興奮してたんじゃないのかな？』"
"","男の名前を出すと、大声を出すつもりだったのか…開きかけた莉乃ちゃんの口がその形のまま固まった。"
"主人公","『それに…叫ぶより、あの時したみたいに、おじさんを突き飛ばしたらどうだい？』"
"暁 莉乃(CH02_0217)","『っ…』"
"主人公","『可哀想だなあ。そのタカ君という彼氏とやらも』"
"暁 莉乃(CH02_0218)","『なっ、っ…』"
"主人公","『清純さから突き飛ばされたと思い込んでる彼女が、実はもう別の男に散々股を開いていて…』"
"","腰を撫でるように手をやる。"
"暁 莉乃(CH02_0219)","『やっ、触らないで！』"
"","突き飛ばせばいいのに…。この子は本当に変わらない。…変われないんだ。体がもうその先を覚えているから。"
"主人公","『チンポを咥え込んで、中出しされて、悦んで、絶頂しまくっていたなんて想像自体できないだろうねえ』"
"","腰から股間へ、焦らすように撫でまわしながらパンツをずらすように指を這わせる。"
"暁 莉乃(CH02_0220)","『や、やだっ…ゃっ…』"
"","…突き飛ばせないように俺が仕込んだんだ。快感を予期すれば、どうであろうと俺に従順になるように。主人公『あの時も内心、欲情していて怖くなったんだろう？』"
"暁 莉乃(CH02_0221)","『違う、やめてっ！』"
"主人公","『何が違うのかな？彼氏には晒せなくても、莉乃ちゃんの本性を知っている俺にはそんな言葉通用しないよ？』"
"暁 莉乃(CH02_0222)","『はぁっ はぁっ…違うの』"
"主人公","『違う違うって口では否定しても…』"
"主人公","『呼吸を荒げて、触って欲しくてたまらなくなってるんじゃないかな？』"
"","よく知っているメスの匂いがする。やっぱり俺の女だ。どこをどう触れば、どんな感触がして"
"","どんな風によがるか、手に取るように分かる。"
"暁 莉乃(CH02_0223)","『そこ、手を放してっ！』"
"主人公","『ああもう…すぐに濡れるのも変わってないねえ』"
"暁 莉乃(CH02_0224)","『わ、私が叫んだら、アンタなんて終わりなんだから…！』"
"主人公","『そうかい。おじさんが違う声で叫ばせてあげるよ』"
"暁 莉乃(CH02_0225)","『やめてっ！』"
"主人公","『やめないよ。我慢してた分、おじさんが気持ちよくして楽にしてあげようね』"
"暁 莉乃(CH02_0226)","『ぁうっ…んんぅっ…！！！』"
"","待っていたと思えるほど、狂おしそうに膣肉が指に吸い付きながらねっとり絡みつく。"
"主人公","『指先を当てただけで勝手に奥まで飲み込む、いやらしいおマンコのままだね』"
"暁 莉乃(CH02_0227)","『やっ、っ…ぁ、あっ…ぁっ…っは…』"
"主人公","『こんなになって…話してる時から濡らしてたのかぁ。流石莉乃ちゃんだなぁ』"
"主人公","『久しぶりのおじさんの指は気持ちいいかい？おいしそうに咥えているねぇ…』"
"暁 莉乃(CH02_0228)","『んあっ、う、動かさないっ…でっ…ぁっ…』"
"主人公","『ほら、嬉しそうに”おいしい”ってエッチな音で返事してるよ？…年頃の娘の良い肉壺だ』"
"暁 莉乃(CH02_0229)","『アンタっ…が、う、動かすっ…から…！やめ…んあっ…』"
"主人公","『嘘はよくないなぁ。莉乃ちゃんのおマンコが勝手に吸い付いて、ヒクヒクしてるから慰めてあげてるんだ』"
"暁 莉乃(CH02_0230)","『そんっ…なのっ、頼んでなっ…あっ、っああっ…はっあ、あ…あっ』"
"主人公","『あんなに何度も大人チンポをズボズボしてたのに、変わらず締まりのいい、そそる肉穴だねえ』"
"暁 莉乃(CH02_0231)","『あっあっ…やあ、違う、…違うのっ…っ』"
"主人公","『うんうん、違う違う。莉乃ちゃんがスケベになるのはおじさんにだけだから、彼氏の前では違うんだよねえ』"
"暁 莉乃(CH02_0232)","『あっあっああっ…んあっ、そこ、ダメ…！…っぁ、っは…んあ、あっ…ゆ、指止めてぇっ…！！ああっ！！』"
"主人公","『あーあー…お漏らしみたいなマン汁がもうこんなに…。…廊下を汚して、おじさんの仕事が増えるなぁ…』"
"暁 莉乃(CH02_0233)","『あ、アンタが動か、すっ…からっ、や、んっんんっ…イヤっ…、あっ、はぁっはぁ…っぁ、あっ』"
"主人公","『淫水お漏らしの跡はちゃんと掃除しておいてあげるからね。こんなところで盛大におマンコを掻き混ぜられて…』"
"主人公","『気持ちよくなってるのが誰かに…そうだな、特にタカ君にバレたらまずいもんねえ』"
"暁 莉乃(CH02_0234)","『あっ、あっ…んあっ…！！ぉ、お願いっやめてっ…！ダメなのっ、あっ…んっ…ほんとっ…ダメっ…』"
"主人公","『莉乃ちゃんが擦られたら弱い場所もおじさんは覚えてるよ、…確かここだったねえ』"
"暁 莉乃(CH02_0235)","『んひっ！やっ、っダメ…そこダメっ…ほんと…っ、あ、っは、ああっ…んあっ、あっあっ』"
"主人公","『俺がいない間、この淫乱マンコを散々、自分でほじって慰めていたんだろうけど…』"
"主人公","『大人の男の指の感覚には程遠いだろうから、スケベな莉乃ちゃんは満足できなかったろう？』"
"暁 莉乃(CH02_0236)","『っはっ、あっ、っぁ…そ、そんなことしてなっ…んあっ、あうっああっ…んくっ…はぁ、あっ…』"
"主人公","『嘘なんかつかなくていいんだ。ほら、大好きだったこの手マン、今もいっぱい味わっていいんだよ』"
"暁 莉乃(CH02_0237)","『っく…やだっ…んあっ…あうっ、っく…あ、っは…んん…はぁ、あっ、あっ…あっあっあっ』"
"主人公","『やっぱりここを擦るといつもいい声で鳴くねえ…』"
"暁 莉乃(CH02_0238)","『やめっ、イく…！ダメ…っっふ…はあっ…あっ…んっ…ふーっふー…やっ…やめて、やめて…ってばぁ…！』"
"主人公","『やめて欲しかったら、自分から腰を振って指を出し入れして誘ってごらん。そうしたらやめてあげよう』"
"暁 莉乃(CH02_0239)","『っふ、んっ、あ…っふ…そんなっこと…っし、ない…』"
"主人公","『そうかー…出来ないならやめられないなぁ…』"
"暁 莉乃(CH02_0240)","『んああっ！！は、あ、っく…はあ、あっ…やっ…ぃやっ…あっ、ああっ、あっ…はぁ、あっ』"
"主人公","『莉乃ちゃんのおマンコの中、ドロドロで、おじさんの指が溶けそうなぐらい熱くて…喜んでくれて嬉しいなぁ』"
"暁 莉乃(CH02_0241)","『んー…っく…っは、っは…ダメほんとダメっ…、やだっ！ん、あ、あ、あ…っぁあ、ぁ、ぁっ』"
"主人公","『イキそうかな？スケベマンコがきつく締め付けてきて動かしにくくなってきたよ。どうしようもないなあ』"
"暁 莉乃(CH02_0242)","『…無理っ…ダメ、私…彼氏いる…のっ…に……！あっ、ひぅっ、んあっ、ん…んん…っあ…ぁうっ…』"
"主人公","『もう終わったはずの男に手マンされてイキかけてるのに、この期に及んで清純な彼女面かあ…』"
"暁 莉乃(CH02_0243)","『ちがっ…あっ…やだっイ…っ…』"
"主人公","『そろそろ絶頂させてあげようか』"
"暁 莉乃(CH02_0244)","『ぃ、やっ、あ、いっいやっ…イきたくなっ…ぃっ…！』"
"主人公","『思いっきりイって…自分がどんな女[メス/1]で、誰のモノか、しっかり思い出そうねえ』"
"暁 莉乃(CH02_0245)","『んーん、ん"っ…やっぁ"…っ…ゴメン、ゴメン…っねタカ、くん…。っぁ、私、こんなの…っちが…、んんっ』"
"主人公","『お前は俺の女[メス/1]だ！ほら、イけ！』"
"暁 莉乃(CH02_0246)","『やっ、ちがっ…！んひゅ、やらっ…ぁ、ああっ、やっ…あっ、あ、あ、っぁ、あ、っぁあ、ィヤ…イクっ…！』"
"暁 莉乃(CH02_0247)","『んっ、ぁああああぁっっ…！！！！』"
"暁 莉乃(CH02_0248)","『っはー…っはー…はー…っぁ…っはー…ん、はー…』"
"主人公","『びっくりしたよ。たかがあの程度の手マンで腰が抜けるほどイクなんて、相変わらずはしたない子だなぁ…』"
"暁 莉乃(CH02_0249)","『はー…っ…はー…っ、んぁ…はー…っ…ん…はー…っ…っぁ…はー…』"
"主人公","『廊下でいいようにされて、挙句、口も利けないほどよがる女だなんて…そりゃあ、彼氏に知られたくないだろうねえ』"
"暁 莉乃(CH02_0250)","『はー…っ…んっ…はー…っ…っぁ…はー…っ…』"
"主人公","『”これ”が莉乃ちゃんなんだよ。自覚はできたかな…？』"
"暁 莉乃(CH02_0251)","『…違、う…のぉ……。ん、はー…はー…』"
"主人公","『まだ認められないかぁ…。じゃあ、これからもっと自覚させてあげないとなぁ』"
"暁 莉乃(CH02_0252)","『…違う…、ん、だって…、ば…』"
"主人公","『他の誰でもない、俺のチンポに狂ってた女だって口でも否定できないぐらいにしてあげるよ』"
"暁 莉乃(CH02_0253)","『…するわけ、ないでしょ…。はー…はー…、、』"
"主人公","『頑固も過ぎるとよくないなぁ…。あんまりに聞き分けがないと後悔することになるよ？』"
"暁 莉乃(CH02_0254)","『…それ、ど…どういう意味……よ…』"
"","明らかに狼狽えたのがわかった。とりあえず今日はこれで許しておいてやろう。"
"","あれだけ噛み付かれたんだ。抱き起す義理はない。落ち着いたら勝手に起き上がるだろう。"
"暁 莉乃(CH02_0255)","『ちょ…ちょっと…』"
"","その場で態勢を崩したままの莉乃ちゃんに踵を返す。"
"","俺好みに１から調教して開発したんだ。どこの馬の骨かも分からない若造にくれてやるもんか。"
"","こいつは、昔もこれからも俺の女[メス/1]なんだ。"
