﻿Character,Text
"小鳥遊 乙羽(CH01_1036)","『っ！！…っふー…っ、！っふー…っ…！！』"
"主人公","『おマンコが小刻みに痙攣して…。イっちゃったんだね…すごく可愛いよ』"
"小鳥遊 乙羽(CH01_1037)","『っはー…っ…っふー…っふー…』"
"暁 莉乃(CH02_0325)","『ねー、乙羽ー。私出るけどそっちはどう？一緒に出る？』"
"小鳥遊 乙羽(CH01_1038)","『っ！！』"
"小鳥遊 乙羽(CH01_1039)","『あっ、えっ…ちょっと…も、もうちょっと私っ…か、かかりそうだから…先に行ってていいよーっ…』"
"暁 莉乃(CH02_0326)","『……？そうなの？んー、わかった。じゃあ、先に出てるねー』"
"小鳥遊 乙羽(CH01_1040)","『ん、…は、はーいっ…ごめんねっ…』"
"主人公","『………』"
"小鳥遊 乙羽(CH01_1041)","『っはぁっ！はぁっ！！はぁっはぁ…ふぅ…はぁ…気付かれて、なくて…よかったぁ……』"
"主人公","『莉乃ちゃんがいたせいで、あんなに派手にイっちゃったのかな？』"
"主人公","『お母さんがいた時もそうだったもんねぇ…』"
"小鳥遊 乙羽(CH01_1042)","『だ、だってまさかこんな所でなんて…！本当に…バ、バレてないよね…？』"
"主人公","『ははは、急に大きな声になって…。安心したのかな。…すごく我慢してたんだね。結構、声は出てたけど』"
"小鳥遊 乙羽(CH01_1043)","『も、もう、おじさん～…！！』"
"主人公","『やっぱり乙羽ちゃんは変態だなぁ。二人きりの普通のセックスだけじゃなくて人がいても絶頂するんだから』"
"小鳥遊 乙羽(CH01_1044)","『そっ、それは…バ、バレそうだったし緊張と興奮でワケわかんなくなっちゃったから…』"
"主人公","『てことは、無意識にあの状況でドスケベにウネウネとおマンコがチンポを締め付けたんだね』"
"主人公","『乙羽ちゃんはやっぱり変態さんだよ。それもとびっきりの』"
"小鳥遊 乙羽(CH01_1045)","『も、もう～～！！意地悪言わないでよぉ…』"
"主人公","『もし莉乃ちゃんが途中で耳をそばだてて聞いてたら…って思わなかったかい？』"
"小鳥遊 乙羽(CH01_1046)","『や、やだ、莉乃ちゃんはそんなことしないよ！ちゃんと話をしてたもんっ。…わ、私、話せてたよね…？』"
"主人公","『ははは、話してたのに不安かい？』"
"小鳥遊 乙羽(CH01_1047)","『だ、だって……あんなに気持ちよかったし…声、震えてたかも…だし……』"
"主人公","『おじさんなら気付いてるけど…』"
"小鳥遊 乙羽(CH01_1048)","『えっ』"
"主人公","『莉乃ちゃんはどうかなあ？』"
"主人公","『まさか、さっきまで一緒にプールで泳いでた乙羽ちゃんが真隣でおじさんのチンポを咥えてるなんてね』"
"小鳥遊 乙羽(CH01_1049)","『んん…、そ、そんな…。…莉乃ちゃんに私がこんなコトするって知られたら…』"
"主人公","『おじさんのチンポをあんなに奥まで咥え込む淫乱マンコって知られてるかも…。軽蔑されちゃうかな？』"
"小鳥遊 乙羽(CH01_1050)","『そ、そんなのダメ…。莉乃ちゃんに、おじさんとあんなエッチしてるってバレてたら…』"
"主人公","『想像して興奮したかい？随分スケベになったもんだ』"
"小鳥遊 乙羽(CH01_1051)","『んん…スケベだなんて…そんな言い方…』"
"主人公","『ははは、スケベな事は否定しないんだね。もしかしてまたマン汁を垂らしてグチョグチョにしてるのかな？』"
"小鳥遊 乙羽(CH01_1052)","『し、知らない…！』"
"小鳥遊 乙羽(CH01_1053)","『………で、でも、私が…濡れてる、か…気になる…？』"
"主人公","『ん～、気になるといえば気になるけど…わざわざ聞かなくても一目瞭然だしねぇ…』"
"小鳥遊 乙羽(CH01_1054)","『そ、その…お、おじさんがまだ元気なら……』"
"主人公","『何が元気なんだい？』"
"小鳥遊 乙羽(CH01_1055)","『…お…お…チンチン……』"
"主人公","『…大人のする言い方を教えてるのにまだ恥ずかしいのかな。…乙羽ちゃんはいつも、おじさんが勃起してるならなんていうけれど、』"
"主人公","『実のところ、乙羽ちゃんがチンポをまだ欲しがって自分でおマンコを濡らしてるんだろう？』"
"小鳥遊 乙羽(CH01_1056)","『……そ、それは。ん、ぅん…その…、さ、さっきのエッチ……すごく気持ち良かった……けど…』"
"小鳥遊 乙羽(CH01_1057)","『梨乃ちゃんがいたし…色々……が、我慢してたから…』"
"主人公","『つまりエッチな乙羽ちゃんは、まだ深イキしてなくておマンコが疼いて仕方がないって言いたいんだね？』"
"小鳥遊 乙羽(CH01_1058)","『っ…』"
"主人公","『だから濡れちゃうんだ？』"
"小鳥遊 乙羽(CH01_1059)","『……う、……うん…………』"
"主人公","『おじさんも今ので余計に硬くなっちゃったよ。勿論いいよね…？』"
"小鳥遊 乙羽(CH01_1060)","『………う…うん……だから…』"
"小鳥遊 乙羽(CH01_1061)","『ね、おじさん…、早く…シて？』"
"主人公","『いつになく積極的だねぇ。それぐらい我慢できないんだね？』"
"小鳥遊 乙羽(CH01_1062)","『……………うん…』"
"主人公","『素直でいい子だ。うんと可愛がってあげよう。もう二人きりだから、どれだけ声をあげてもいいからね』"
"小鳥遊 乙羽(CH01_1063)","『はあ、はあ…、きて…、早く…！』"
"主人公","『物欲しそうにオマンコがヒクヒクしているよ…。ほら、チンポに吸い付いてくる…』"
"小鳥遊 乙羽(CH01_1064)","『はあ、ふう…、ねえ、お願い…。ずっと我慢してたんだから…思いっきり……シて…？』"
"主人公","『仕方ないなぁ…。莉乃ちゃんも待ってることだし、ゆっくりはしてられないな。その代わり…激しくハメるからね？』"
"小鳥遊 乙羽(CH01_1065)","『うん…、いいよ。さっきまでと違って思いっきりしていいから…。オチンチン…、ちょ…頂戴』"
"主人公","『あぁ…、いやらしい子だ…！おじさんも、もう我慢できない…！』"
"小鳥遊 乙羽(CH01_1066)","『んああぁぁぁぁーーーっっ！！！』"
