﻿Character,Text
"小鳥遊 乙羽（独白）(CH01_1270)","『補習が全部終わって、先生が出て行き、他の皆も片づけを済ませてどんどん教室から出ていった。』"
"小鳥遊 乙羽（独白）(CH01_1271)","『私も片づけをしながら、マナーモードのスマホを手に取って早速おじさんにＬＩＭＥを送る。』"
"小鳥遊 乙羽（独白）(CH01_1272)","『《補習が終わったよ。今からおじさんの部屋に行っていいかな？》』"
"小鳥遊 乙羽（独白）(CH01_1273)","『送信して…すぐに返事がきた。』"
"","主人公（独白）『《今、部屋にはいないんだ》』"
"小鳥遊 乙羽（独白）(CH01_1274)","『《どこにいるの？》』"
"","主人公（独白）『《保健室で留守番を頼まれてね。時間がかかりそうだから、今日はもう帰っていいよ》』"
"小鳥遊 乙羽（独白）(CH01_1275)","『《そうなんだ。じゃあ、保健室に行ってもいいかな？》』"
"","主人公（独白）『《ああ、待ってるよ》』"
"小鳥遊 乙羽（独白）(CH01_1276)","『やった。早くおじさんのいる保健室に…』"
"茂部","『小鳥遊さん』"
"小鳥遊 乙羽(CH01_1277)","『わ…！』"
"小鳥遊 乙羽（独白）(CH01_1278)","『びっくりした。スマホでのやりとりに夢中になってて、茂部君がすぐそこにいるだなんて思わなかった。』"
"茂部","『驚かせたかな。ごめんね』"
"小鳥遊 乙羽(CH01_1279)","『ううん、私こそ。それで、何かな…？』"
"茂部","『あー…えっと、その…今日、…一緒に帰らない？』"
"小鳥遊 乙羽(CH01_1280)","『え…』"
"茂部","『ど、どうかな？』"
"小鳥遊 乙羽（独白）(CH01_1281)","『好意を持たれているのは何となく分かってたけど、誘われるなんて…。でも、おじさんのところに行きたいし…』"
"小鳥遊 乙羽(CH01_1282)","『えっと…あの、ごめんね。私、寄るところがあるんだ』"
"茂部","『そっか。じゃあさ、…校門まででも一緒に帰ろうよ』"
"小鳥遊 乙羽(CH01_1283)","『ぁ、えっと…』"
"小鳥遊 乙羽（独白）(CH01_1284)","『断れた、と思ったのに…。困ったな…。』"
"茂部","『もし急いでるなら、俺も速足で歩くしさ』"
"小鳥遊 乙羽(CH01_1285)","『い、いいよ。そんなの悪いし』"
"茂部","『俺は気にしないけど…。それとも寄るところって学校内なの？』"
"小鳥遊 乙羽(CH01_1286)","『う、うん。まぁ…』"
"茂部","『先生に何か頼まれ事でもした？もしそうだったら、俺、手伝うからさ』"
"小鳥遊 乙羽(CH01_1287)","『ううん、そうじゃないの』"
"茂部","『うーん、そっか…。だったら、用事が終わるまで待てるから終わったら、また教室に…』"
"小鳥遊 乙羽(CH01_1288)","『ち、違うの。その…実は…えっと…あまり具合が良くないから、保健室に寄ろうと思ってて…』"
"茂部","『えっ！大丈夫？』"
"小鳥遊 乙羽（独白）(CH01_1289)","『嘘ついてごめんね…。放っておいて欲しいの…。早くおじさんのところに行きたいから…。』"
"小鳥遊 乙羽(CH01_1290)","『うん、大丈夫。少し休むだけだから…。』"
"茂部","『俺、付き添うよ。この間も具合悪そうだったし。１人にするのは心配だよ』"
"小鳥遊 乙羽(CH01_1291)","『う、ううん。ほんと、ほんとに大丈夫だから…。えっと、ごめんっ、もういくね』"
"茂部","『あ、小鳥遊さんっ』"
"","――――――"
"","―――"
"小鳥遊 乙羽（独白）(CH01_1292)","『もう、茂部君ってば…。こんなに断ってるのに…。』"
"小鳥遊 乙羽（独白）(CH01_1293)","『おじさん、待たせてないかな…。急がなくちゃ。』"
"","―――――――"
"","――――――"
"","――――"
"","物音に、留守を頼んだ保健医が帰ってきたのかと思ったがノックをするなら違うだろう。生徒だろうか。"
"","そのまま黙って様子をうかがっていると、あまり音を立てずに、誰かがこそこそと入ってくる。"
"？？？","『…………』"
"？？？(CH01_1294)","『あれ、誰も…いない…？先生か…おじさんがいるはずだけど…』"
"","どうやら乙羽ちゃんのようだ。"
"主人公","『遅かったね』"
"小鳥遊 乙羽(CH01_1295)","『あ、おじさん！よかった。あの、遅くなってごめんなさい。……そっちにいるの？』"
"","俺が座っているベッドの方へと、声を頼りに歩いてくる。"
"主人公","『こっちだよ。誰もいないから入っておいで』"
"","ベッドを仕切っているカーテンを開けて、乙羽ちゃんが入ってくる。"
"小鳥遊 乙羽(CH01_1296)","『こんなとこにいたんだ。ちょっと待たせちゃったね…。ごめんなさい』"
"主人公","『何かあったのかい？』"
"小鳥遊 乙羽(CH01_1297)","『えっと…補習を一緒に受けてる男子に、あの後引き留められてちゃって…』"
"主人公","『おや、補習のことで相談でもされたのかな？』"
"小鳥遊 乙羽(CH01_1298)","『ううん。…一緒に帰りたいって誘われたの。断ったんだけど…なかなか諦めてくれなくて…』"
"主人公","『へえ…』"
"","顔も名前も知らないクソガキに、内心軽く舌打ちをする。"
"主人公","『乙羽ちゃんは、ついに男を誘っちゃったんだねえ』"
"小鳥遊 乙羽(CH01_1299)","『えっ！！ち、違うよ、なんでそうなっちゃうの？私はそんなことしてないよ…！』"
"主人公","『でもねぇ…エッチなことをしてる女の子は勝手に色気が出ちゃうからなぁ…』"
"小鳥遊 乙羽(CH01_1300)","『…そ、そんなの…自分じゃわからないもん…。おじさんとのことは誰にも気付かれてないはずだし』"
"主人公","『だから、乙羽ちゃんがどうあれ、勝手に自然とオスを欲情させて誘っちゃうんだよ』"
"小鳥遊 乙羽(CH01_1301)","『もう…私が誘いたいのは、おじさんだけだよ。他の人じゃなくておじさんにだけそういう目で見られたいの』"
"主人公","『そうなのかい？』"
"小鳥遊 乙羽(CH01_1302)","『うん、だって…おじさんのことを考えただけで、興奮してきちゃうし…今日も…エッチ、したくて…ここに来たんだもん』"
"主人公","『本当かなあ？』"
"小鳥遊 乙羽(CH01_1303)","『本当だよ…！補習中も気を抜いたら、おじさんと…エ、エッチすることばっかり考えちゃう…』"
"小鳥遊 乙羽(CH01_1304)","『それに…おじさんのことを思い出して…いつも…オ、オナニーしちゃうし…』"
"小鳥遊 乙羽(CH01_1305)","『はぁ、はぁ…おじさんにやらしいことをしたり、されるごとに……エッチも…オナニーもどんどん気持ちよくなっちゃう…』"
"主人公","『そんな切なそうな声を出して…』"
"小鳥遊 乙羽(CH01_1306)","『ん、はぁ…はぁ、だって…今ももう…濡れてきちゃってるんだよ。…だから、ね…シよ…？ おじさん』"
"","もじもじしながら、目の前まで身を寄せてくる。"
"小鳥遊 乙羽(CH01_1307)","『おじさんの匂い、大好き。すごく安心する…。安心するし……すごく…ムラムラしてきちゃう…』"
"","服をはだけさせ、潤んだ目と声で訴えられる。"
"","それでもまだ、俺には、乙羽ちゃんにちょっかいを出そうとしたガキへの苛立ちが少し燻っていた。"
"主人公","『…おじさんが少しでも留守にしたら、その男の子とセックスしててもおかしくないぐらいサカってるねえ』"
"小鳥遊 乙羽(CH01_1308)","『…んもう！意地悪な言い方しないで。ほんとに私はおじさんだけが欲しいの…』"
"主人公","『じゃあおじさんをどれだけ気持ちよく出来るかで証明してもらおうかな』"
"小鳥遊 乙羽(CH01_1309)","『ん…。はぁ、はぁ……わかった。じゃあ…今日は……私がいっぱい動いて…気持ちよくするね…』"
"","言い終わると、乙羽ちゃんが遠慮なく俺に跨ってきた。"
"小鳥遊 乙羽(CH01_1310)","『…は、あっ…はぁ、はぁ…すごく硬くなってる。早く…ナカに…欲しい……』"
"小鳥遊 乙羽(CH01_1311)","『あんっ…んっ…ん…濡れすぎてて、力抜いたらもう…このまま……っ挿入[はい/2]っちゃう…っ』"
"主人公","『おじさんに跨って、オナニーしてるみたいだね』"
"小鳥遊 乙羽(CH01_1312)","『はぁはぁ…おじさんのおチンポでオナニーって…すっごくエッチ……』"
"小鳥遊 乙羽(CH01_1313)","『でも、おじさん、ねえ……このまま…ハメてぇ…』"
"主人公","『今日は乙羽ちゃんが動いて気持ちよくするんだろう？だったら最初から全部自分でやってごらん』"
"小鳥遊 乙羽(CH01_1314)","『そ、そうだけど……。あんっ、でもこのままでもすごく気持ちいい……。これ…っ、いいよぉ…』"
"主人公","『勝手に独りで気持ちよくなるなら、お預けしようかなあ』"
"小鳥遊 乙羽(CH01_1315)","『やん、やだぁ…ごめんなさぃ…。はぁ、ああ…おじさんのおチンポ、オマンコで咥え込んで気持ちよくするからぁ』"
"主人公","『そうかそうか。それじゃあ、ほら…挿入してごらん？』"
"小鳥遊 乙羽(CH01_1316)","『はあ…、んんん……あぁっ…、、お…おチンポ…おマンコの奥まで…ね、根元までっ…っは、っぁ……一番奥まで…挿入[はい/2]ったあ…』"
"主人公","『うまくできたね。軽くイったみたいに中が震えて気持ちいいよ』"
"小鳥遊 乙羽(CH01_1317)","『だ、っ…だって…、っぁ、っは……ぉ、おっきすぎて…赤ちゃんの部屋…押し上げられてっ…っぁ…すごいっ…。おじさん…好きぃ…。っ…っぁ、っは、あ…っ』"
"小鳥遊 乙羽(CH01_0864)","『はぁはぁ…ん…はぁ、はぁ…』"
"茂部","『小鳥遊さん、いる？』"
"小鳥遊 乙羽(CH01_1318)","『っ？！！』"
"茂部","『あれっ、誰もいないのかな…』"
"小鳥遊 乙羽(CH01_1319)","『…嘘っ…茂部、君…？』"
"主人公","『…ん、もしかして、アレがさっき言ってた男子かな？』"
"小鳥遊 乙羽(CH01_1320)","『やっ…。だ、黙って、や…やり過ごす…から。おじさんお願いっ…んっ…静かにっ…しててっ…。っは、っぁ…』"
"茂部","『誰もいない…のかな？…お邪魔します。…小鳥遊さーん、もしかして…ベッドで休んでる…？』"
"主人公","『ああ、あの子であたりみたいだねぇ。…でもこのままじゃこっちまで確認しに来そうだし、適当に受け答えしてやり過ごそうか』"
"小鳥遊 乙羽(CH01_1321)","『う、受け答え？！…こ、こんな…ぉ、おチンポ咥え込んでる状態で…そんな事…』"
"主人公","『ん？そんなにバレるのが怖いなら、チンポを抜こうか？その場合、今日はもうこの続きはしないことになるけど？』"
"小鳥遊 乙羽(CH01_1322)","『そ、それはヤダぁ…。するっ…ちゃんと、するっから…んっ…ん、ううっ…んっ…』"
"茂部","『唸ってる…？やっぱりそっちで寝てるの？ねえ、大丈夫？』"
"茂部","『小鳥遊さ…』"
"","乙羽ちゃんを呼ぶ男子[ガキ/2]が、図々しくも俺たちのいるベッドへと近づいてきた時…"
"小鳥遊 乙羽(CH01_1323)","『も、茂部君っ…なんで、ここにいるの？』"
"","乙羽ちゃんはそそくさと上着を整え、咄嗟に顔だけをカーテンから出した。"
"茂部","『あ、小鳥遊さん。…俺、あれからさ、そのまま帰ろうかと下駄箱まで行ったんだけど…』"
"小鳥遊 乙羽(CH01_1324)","『う、うんっ…っ…』"
"茂部","『その、やっぱり心配になってきてさ…どうしても気になったから戻って来てみたんだ』"
"小鳥遊 乙羽(CH01_1325)","『そ、そうなんだ…。っ…んん、はぁ…、っ…そんな…いいのに…』"
"茂部","『やっぱり、すごく顔赤いね。熱、あるの？』"
"小鳥遊 乙羽(CH01_1326)","『そうかなっ？…ね、熱は…ない、よ。ちょっと…っは…っぅ…休んでっ…楽になってきてるし…』"
"","なにモーションかけてんだ、このガキ。乙羽ちゃんは俺専用の穴なんだよ。"
"茂部","『でも…なんだか苦しそうだね。本当に大丈夫？保健の先生いないよね、探して呼んでこようか？』"
"小鳥遊 乙羽(CH01_1327)","『っぁ、う…ぁ、頭がちょっと痛いだけで…ほんとっ…っふ…っぅ…。へ、平気だから、呼ばなくていい、よ…』"
"茂部","『小鳥遊さん、無理しないでね。俺、ほんと心配だし…』"
"","…そんなに好きなら、チンポをぐっぽり咥え込んだメス顔を拝ませながら話させてやろう。"
"小鳥遊 乙羽(CH01_1328)","『う、うんっ…っ、だいっ……、』"
"小鳥遊 乙羽(CH01_1329)","『じょう…ぶ…っ！』"
"小鳥遊 乙羽(CH01_1330)","『っ！！』"
"小鳥遊 乙羽(CH01_1331)","『おじさっ…ん、、』"
"茂部","『……？え…ぁ、俺用事とかないし、もうちょっとここにいるよ』"
"小鳥遊 乙羽(CH01_1332)","『っぁ…っぅ…』"
"主人公","『やっぱり人前でハメられるのが好きなんだなぁ…。いつもより一段と締まりがいいぞ』"
"小鳥遊 乙羽(CH01_1333)","『…そんな、や、めっ……っ！！…っ…！』"
"茂部","『…？えっと、、大丈夫…？』"
"小鳥遊 乙羽(CH01_1334)","『き、気にしないっ…っ…っ…で…』"
"茂部","『う、うん。小鳥遊さん、赤くなってるけど、熱…上がってる？』"
"小鳥遊 乙羽(CH01_1335)","『え、ぁ、そ…そうか…もっ。ぁっ、はぁ…っ』"
"茂部","『心配だし、もうちょっとここにいるよ。椅子は…っと』"
