﻿Character,Text
"小鳥遊 乙羽（独白）(CH01_0577)","『キャラクターがゆるくて可愛いラムネ菓子。小さな容器に入ったヨーグルト風味のクリーム。』"
"小鳥遊 乙羽（独白）(CH01_0578)","『沢山ある味から、よく買っていた味を選んだ麩菓子。それと…２つ折りに出来るチューブの氷菓子。』"
"小鳥遊 乙羽(CH01_0579)","『結構買っちゃった…。買い過ぎちゃったかな。でも、いいよね？』"
"小鳥遊 乙羽（独白）(CH01_0580)","『昔、よく一緒に食べた駄菓子を持って、おじさんに会うと思うと…』"
"小鳥遊 乙羽（独白）(CH01_0581)","『昔をほんの少し前のことみたいに思い出せて、素直にリラックス出来る気がする。』"
"小鳥遊 乙羽（独白）(CH01_0582)","『…でも、私…おじさんと……』"
"小鳥遊 乙羽(CH01_0583)","『ううん！昔みたいに楽しく話すために来たんだから』"
"小鳥遊 乙羽（独白）(CH01_0584)","『うん、よし、大丈夫！行こう！…おじさん、この時間には部屋にいるって言ってたもん。』"
"","ちゃんと遊びに来るのは、今日が初めて。喉がきゅっとなる。"
"小鳥遊 乙羽(CH01_0585)","『おじさん、乙羽…です』"
"主人公","『ああ。入っておいで』"
"","――――"
"","――"
"小鳥遊 乙羽（独白）(CH01_0586)","『あれから…おじさんと話が弾んで、さっきまで緊張していたのが嘘みたい。』"
"小鳥遊 乙羽(CH01_0587)","『それでお母さんがカンカンに怒って…』"
"主人公","『そうだったねえ。あれも夏の暑い日だったか』"
"小鳥遊 乙羽(CH01_0588)","『うん。それで食べてたお菓子、外に忘れてきちゃって…』"
"主人公","『そうそう、そうだった。…いやあ、懐かしいね』"
"小鳥遊 乙羽(CH01_0589)","『うん』"
"主人公","『懐かしいといえば、ほら』"
"小鳥遊 乙羽（独白）(CH01_0590)","『あ…おじさんが自分の膝をぽんぽんと叩いて…これ…』"
"小鳥遊 乙羽（独白）(CH01_0591)","『この仕草と合図には見覚えがある。』"
"主人公","『乙羽ちゃん、おいでよ』"
"小鳥遊 乙羽(CH01_0592)","『え？！』"
"小鳥遊 乙羽（独白）(CH01_0593)","『見覚えが…ある、けど…。…昔と違って、胸が高鳴る。』"
"小鳥遊 乙羽","『…………』"
"主人公","『乙羽ちゃん、どうしたんだい？』"
"小鳥遊 乙羽（独白）(CH01_0594)","『おじさんがじっとを見てる…。呼ばれただけで、こんなにドキドキしちゃってるのに…。』"
"主人公","『ほら、昔はよく膝に乗っていただろう。懐かしい話をしてたら思い出してね』"
"小鳥遊 乙羽（独白）(CH01_0595)","『確かに、昔はそうだった…。昔は気軽に喜んで座って話して…』"
"小鳥遊 乙羽（独白）(CH01_0596)","『でも今は…こんなに意識しちゃってる。…そこ座ったら、ドキドキしたまま、体が……く、くっ付いちゃう…！』"
"小鳥遊 乙羽(CH01_0597)","『あ、う、うん。…そ、だね』"
"小鳥遊 乙羽（独白）(CH01_0598)","『おじさんに…触れたい、けど…。あんなことがあったばかりだし…。』"
"主人公","『………』"
"小鳥遊 乙羽","『………』"
"小鳥遊 乙羽（独白）(CH01_0599)","『座って…万が一にでも……おじさんのがまた…当たったり…したら……どうしよう。』"
"主人公","『乙羽ちゃん？嫌かな…？』"
"小鳥遊 乙羽（独白）(CH01_0600)","『あれ…なんだか…もしかして、こんなこと考えてるの…私だけ…？』"
"小鳥遊 乙羽（独白）(CH01_0601)","『や、やだ…逆に恥ずかしくなってきちゃった。』"
"小鳥遊 乙羽（独白）(CH01_0602)","『今日ここに来たのは…元の関係っていうか…』"
"小鳥遊 乙羽（独白）(CH01_0603)","『昔みたいな楽しい感じで話をしたいから来たんだもん。……よし！！』"
"小鳥遊 乙羽(CH01_0604)","『じゃ、じゃあ…。すごく、ひ、久しぶりだから重いかもしれない、けど…』"
"主人公","『ははは。そんなこと、気にしなくて大丈夫だよ』"
"小鳥遊 乙羽(CH01_0605)","『ぃ、っしょ…』"
"小鳥遊 乙羽（独白）(CH01_0606)","『お、おじさんの膝の上…匂いも体温も伝わってきて…。やっぱり緊張してきちゃう…！』"
"主人公","『乙羽ちゃん』"
"小鳥遊 乙羽(CH01_0607)","『う、うんっ？！！』"
"小鳥遊 乙羽（独白）(CH01_0608)","『やだ、声がちょっと上擦っちゃった…。いきなり…どうしたんだろう？』"
"主人公","『あの袋、確かお菓子を買ってきてたんだよね？どんなお菓子なのかな？』"
"小鳥遊 乙羽(CH01_0609)","『あ、うん』"
"小鳥遊 乙羽（独白）(CH01_0610)","『はー、びっくりした…って、あ！！』"
"小鳥遊 乙羽(CH01_0611)","『おじさん、あの中にチューピットが入ってるの！すっかり忘れてた。溶けちゃう！』"
"主人公","『お、そうなんだ。チューピットか、これまた懐かしいな。じゃあ、今から一緒に食べようか？』"
"小鳥遊 乙羽(CH01_0612)","『うん！ああ…ドロドロになってないかな…』"
"小鳥遊 乙羽(CH01_0613)","『あ、結構大丈夫みたい。これね、おじさんと半分こしようと思って…』"
"小鳥遊 乙羽(CH01_0614)","『んっ…』"
"小鳥遊 乙羽(CH01_0615)","『はい、おじさん』"
"主人公","『おお、ありがとう』"
"小鳥遊 乙羽(CH01_0616)","『ふふ。あ…っとと、やっぱりちょっと溶けてる…。いただきます』"
"小鳥遊 乙羽（独白）(CH01_0617)","『…ん、また顔が熱くなってきてるから、このお菓子、冷たくて丁度いいかも…』"
"小鳥遊 乙羽(CH01_0618)","『ぁ、垂れてきちゃ…っん、っちゅ…ぅっ…っちゅ…んっ…ちゅ…れろ……』"
"小鳥遊 乙羽(CH01_0619)","『んっ、おいし…。これぐらい溶けてるのが…んあ…ふんちゅ…れろ…』"
"主人公","『………』"
"小鳥遊 乙羽(CH01_0620)","『ちゅ…ちゅぷ…、んちゅ…れろ……っちゅ…はむっ…』"
"小鳥遊 乙羽(CH01_0621)","『おじさん、どうしたの？食べないで、じっと見つめて…。…溶けたの、どこかに付いちゃってるかな？』"
"主人公","『あ、ああ…。いや、乙羽ちゃんの舐め方が…その、刺激的だったからさ』"
"小鳥遊 乙羽","『…？？』"
"主人公","『まぁまぁ。おじさんも食べるね』"
"小鳥遊 乙羽(CH01_0622)","『うん。…っちゅ、…ふ…』"
"小鳥遊 乙羽（独白）(CH01_0623)","『…刺激…？普通のオレンジ味だけど…。味って意味じゃないよね…なんだろう…？』"
"小鳥遊 乙羽(CH01_0624)","『…ちゅる…れろ……ん、んん…れろ、はふ…』"
"小鳥遊 乙羽(CH01_0625)","『ちゅぅ…っ……ん？』"
"小鳥遊 乙羽（独白）(CH01_0626)","『あ…あれ…なんか…お尻に当たって……』"
"小鳥遊 乙羽(CH01_0627)","『はむ…っ…はふ…れろ…』"
"小鳥遊 乙羽（独白）(CH01_0628)","『き、気のせいだよ…ね？…気のせいじゃない…？？ど、どうしよう…今…私のお尻に当たってるのって…』"
"小鳥遊 乙羽(CH01_0629)","『っ……』"
"小鳥遊 乙羽（独白）(CH01_0630)","『やっぱり……おじさんの……お…チンチン……当たってる……よ…ね…？！』"
"小鳥遊 乙羽(CH01_0631)","『んんん…』"
"小鳥遊 乙羽（独白）(CH01_0632)","『立ち上がろうかな…どうしようかな…。確かめるなんて絶対、私には出来ないし……。』"
"小鳥遊 乙羽（独白）(CH01_0633)","『せっかく昔の感じで話せてたのに…。…でも、おじさんが悪いわけじゃないし……。』"
"小鳥遊 乙羽","『…………』"
"小鳥遊 乙羽（独白）(CH01_0634)","『何か、違うこと考えてたら気にならなくなるかも……。…あ、あそこにあるのって…』"
"小鳥遊 乙羽(CH01_0635)","『お、おじさん。あそこにあるのって…落とし物箱？』"
"主人公","『ああ、そうだよ。結構落とし物があってねぇ。職員室で管理しているのとは別にこの部屋にもあるんだよ』"
"小鳥遊 乙羽(CH01_0636)","『そ、そうなんだ。中、見てみていいかな？』"
"主人公","『ああ、構わないよ』"
"小鳥遊 乙羽(CH01_0637)","『あ、ありがとう…っ』"
"小鳥遊 乙羽（独白）(CH01_0638)","『ふぅ…やっと離れられた。私の勘違いかもしれないけど…あのまま座っていられないよ。』"
"小鳥遊 乙羽（独白）(CH01_0639)","『でも、せっかく一緒にいられたのに…離れちゃうことは…それはそれでちょっと残念…かも。』"
"小鳥遊 乙羽（独白）(CH01_0640)","『うーん…でも…』"
"主人公","『箱にはおじさんが仕事を始める前から、落とし物がもう結構あってねえ』"
"小鳥遊 乙羽(CH01_0641)","『…そうなんだ』"
"小鳥遊 乙羽（独白）(CH01_0642)","『…ああいう時ってどうしたらいいのかな…。うーん、わからない。』"
"小鳥遊 乙羽（独白）(CH01_0643)","『とりあえず、離れてよかったんだよね。私もすごく意識しちゃうし…。』"
"小鳥遊 乙羽（独白）(CH01_0644)","『はぁ…笑って話してたところまでは普通だったのに…。うわ、結構ごちゃごちゃ色々入ってる…。』"
"小鳥遊 乙羽（独白）(CH01_0645)","『…ペン、消しゴム…。思ったより沢山ある。下にもっと大きなものも入ってる…。』"
"主人公","『ね、結構色々あるだろう？』"
"小鳥遊 乙羽(CH01_0646)","『うん。それと…、ん…？…なにこれ？』"
"小鳥遊 乙羽（独白）(CH01_0647)","『なにこの棒…？体育用のリレーバトン？？…でもそれって個人の落とし物じゃないし…。』"
"小鳥遊 乙羽（独白）(CH01_0648)","『色が変だし……形もなんか…少し反り返っていてん…？ここは…なに、電池を入れるところ……？』"
"小鳥遊 乙羽（独白）(CH01_0649)","『ん…？これ、どこかで見たことある…………。…あれっ…え、まさか…』"
"小鳥遊 乙羽(CH01_0650)","『っ？！！』"
"小鳥遊 乙羽（独白）(CH01_0651)","『あ、あれ…これ…も、もしかして…エッチなモノ？！…おじさんの…本とかビデオに出てきた…』"
"小鳥遊 乙羽（独白）(CH01_0652)","『ううん、そんなものが学校にあるわけないよね…。でもこれって本当にあの時みたものにすごく似てて…』"
"小鳥遊 乙羽（独白）(CH01_0653)","『す、すごく……ドキドキしてきちゃった……。』"
"主人公","『乙羽ちゃん、どの落とし物を見てるんだい？』"
"小鳥遊 乙羽(CH01_0654)","『っ！！…えっ…えっと…っ、クリアファイル………』"
"主人公","『変な物でもあったのかな？』"
"小鳥遊 乙羽(CH01_0655)","『う、ううん……その…クリアファイル、だけど………。その……下に…あった…のが……』"
"主人公","『…何があったんだい？』"
"小鳥遊 乙羽(CH01_0656)","『えっと…その……な、名前は知らないから………』"
"小鳥遊 乙羽(CH01_0657)","『ひゃっ』"
"小鳥遊 乙羽（独白）(CH01_0658)","『おじさん、いつの間に後ろに立ってたんだろう…。びっくりした…。私…こんなモノ持ってるのに…。』"
"主人公","『乙羽ちゃん、これが”何か”わかるかな？』"
"小鳥遊 乙羽(CH01_0659)","『え、う…ううん！分からない…かな……』"
"主人公","『見たのも初めてなのかな？』"
"小鳥遊 乙羽","『……………』"
"主人公","『ん、これを見たことがあるみたいだね。おじさん、びっくりだなあ…』"
"小鳥遊 乙羽(CH01_0660)","『え、あ…その…ほ、本物を…見たのは…きょ、今日が初めてで…、あの…』"
"主人公","『でも、これ自体は前に見たことがあるんだね？』"
"小鳥遊 乙羽","『…………』"
"小鳥遊 乙羽（独白）(CH01_0661)","『うう……なんて言ったらいいのかな…。見たことがあるなんて知られたら…。』"
"小鳥遊 乙羽（独白）(CH01_0662)","『言いたくない…。はしたない子だと思われちゃう……。』"
"小鳥遊 乙羽","『………』"
"主人公","『大丈夫だよ。言ってご覧。落とし物としてあるってことはこの学校で誰かが使ってたってことなんだから』"
"小鳥遊 乙羽（独白）(CH01_0663)","『……もう、今更嘘なんて言っても、バレちゃうよね……？』"
"小鳥遊 乙羽(CH01_0664)","『み、見たこと…あるよ。…前に…お、おじさんの部屋で…ほ、本の…中で……ちょ、ちょっと…だけ…』"
"主人公","『どんな本かな…？』"
"小鳥遊 乙羽","『…………』"
"小鳥遊 乙羽(CH01_0665)","『えっと…それはっ…その………』"
"主人公","『どんな本か分かってるから言えないんだね。やっぱり乙羽ちゃんはエッチな子だなあ』"
"小鳥遊 乙羽(CH01_0666)","『ご、ごめんなさい！！そういうつもりじゃなくて…っ見たのも偶然で…』"
"小鳥遊 乙羽(CH01_0667)","『お、おじさんに…その…また…へ、変なこと…させるつもりとか…全然なくって……！』"
"主人公","『そうかなあ？形が似てるチューピットを買ってきたのも本当はおじさんを誘惑するつもりだったんじゃないかな？』"
"小鳥遊 乙羽(CH01_0668)","『ち、違うよ！あれは本当に、昔食べたお菓子だからっ…。それに…ゆ、誘惑って…？』"
"主人公","『チンポを舐めるような、とてもいやらしい舐め方をしてたじゃないか』"
"小鳥遊 乙羽(CH01_0669)","『…チン…っ、お、おチンチンを…舐めるなんて…！そ、そんなつもりじゃなくて…っ』"
"主人公","『乙羽ちゃんがあんなに一生懸命舐めてるのを見ておじさんのココ、こんなになっちゃったよ』"
"小鳥遊 乙羽(CH01_0670)","『きゃっ……！！』"
"小鳥遊 乙羽（独白）(CH01_0671)","『お、おじさんの…お、おチン、チン……！！』"
"主人公","『ほら…。こんなにガチガチになって苦しいぐらいだよ』"
"小鳥遊 乙羽（独白）(CH01_0672)","『は、初めて…男の人の…おチンチンを…私、見てる…。大好きな、おじさんの……』"
"小鳥遊 乙羽(CH01_0673)","『え、えっ……』"
"小鳥遊 乙羽（独白）(CH01_0674)","『すっごくおっきくなって…反り返ってて…。落とし物のオモチャより…おっきくて…すごい……』"
"小鳥遊 乙羽（独白）(CH01_0675)","『って、ううん！見ちゃダメ！…見ちゃいけないモノなのに…目が…逸らせない』"
"小鳥遊 乙羽(CH01_0676)","『っはぁ…っはぁ…あ…っ…』"
"主人公","『呼吸が荒くなってるねぇ』"
"小鳥遊 乙羽(CH01_0677)","『え、えっと…その、これは違うの…っ』"
"主人公","『何が違うのかな…？』"
"小鳥遊 乙羽（独白）(CH01_0678)","『恥ずかしい…。ダメだって、思えば思うほど余計に見ちゃうよぉ………』"
"主人公","『見たいなら見ていいんだよ？ほら、その可愛い手で握ってごらん？』"
"小鳥遊 乙羽(CH01_0679)","『に…、握っ、、、て…って…！』"
"主人公","『チンポも触って欲しくてビクビクしてるだろう？ほら、恥ずかしがらないで…』"
"小鳥遊 乙羽(CH01_0680)","『んっ……』"
"主人公","『お…おぉ…』"
"小鳥遊 乙羽（独白）(CH01_0681)","『うわ……、すご…い……。私…オ…オチンチン…、おじさんのオチンチン、触ってる…。凄く…ドクドクして……、硬くて…火傷しそうなくらいに……熱、い………』"
"小鳥遊 乙羽(CH01_0682)","『はぁ…、はぁ……』"
"小鳥遊 乙羽（独白）(CH01_0683)","『ニチャニチャして…、ちょっと……気持ち悪いし……、匂いも…すごくて…。でも……、これが…おじさんの……』"
"主人公","『初々しくていい反応だねえ…。でも、触ってるだけじゃおじさんは苦しいままだよ』"
"小鳥遊 乙羽(CH01_0684)","『どっ…、どうすれ、ば……？』"
"主人公","『まあ、そうだなあ…こないだ、おじさんは乙羽ちゃんのおマンコを舐めただろう？』"
"小鳥遊 乙羽(CH01_0685)","『っ！！…あ、あの時は、そのっ……はぁ、はぁ…』"
"小鳥遊 乙羽（独白）(CH01_0686)","『お、落ち着かなきゃ…！これ以上エッチな子って思われたら…は、恥ずかしい…！！』"
"主人公","『だから、今度は交代して、乙羽ちゃんがおじさんのチンポを舐めてくれるかい？』"
"小鳥遊 乙羽(CH01_0687)","『えっ、そ、そんなこと…するの……？！』"
"主人公","『そうだよ。乙羽ちゃんのせいでこうなったんだし、本当はお互いに舐めるものだからね』"
"小鳥遊 乙羽(CH01_0688)","『そ、そう…な、の……？』"
"主人公","『そうだよ。本当は２人でおマンコとチンポを舐め合って一緒に気持ちよくなるものなんだよ』"
"小鳥遊 乙羽(CH01_0689)","『で、でも…そんなことするのって…』"
"主人公","『おや、乙羽ちゃんはおじさんのチンポを舐めるのが嫌なのかな？』"
"小鳥遊 乙羽(CH01_0690)","『い、嫌とか…そういうのじゃなくて…。でも、えっと…し、したことないし…』"
"主人公","『それは今からゆっくり教えてあげるよ』"
"小鳥遊 乙羽(CH01_0691)","『…あのっ、でも…えっと…そ、そういうコトってもうしないって…。姪と叔父の関係だから…』"
"主人公","『でも、おじさんは乙羽ちゃんに興奮させられてこんなになってしまっているんだよ？』"
"小鳥遊 乙羽","『……』"
"小鳥遊 乙羽（独白）(CH01_0692)","『私がおじさんをこんなに興奮させちゃったんだ…。それに…私で興奮してくれてる』"
"主人公","『…どうしても嫌かな？』"
"小鳥遊 乙羽(CH01_0693)","『……そ、それは…』"
"小鳥遊 乙羽（独白）(CH01_0694)","『本当は…舐め合いっこをするん…だよね？…私だけ気持ちよくしてもらったのはズルいこと…なのかも…』"
"小鳥遊 乙羽（独白）(CH01_0695)","『それに…大好きなおじさんが…気持ちよくなってくれるなら…』"
"小鳥遊 乙羽(CH01_0696)","『…し…しても……いいよ』"
"主人公","『そうかそうか。嬉しいなあ』"
"主人公","『おじさんは、乙羽ちゃんのお口が見えやすいように寝転がるから。ほら、こっちおいで…』"
"","―――"
"","―…"
"主人公","『じゃあ、早速やってみようか』"
