﻿Character,Text
"小鳥遊 乙羽(CH01_1258)","『っはー…っぁ…ぁ…はぁ…はー…んあ…っぁ…はー…はー……はぁー…ぁ…』"
"小鳥遊 乙羽（独白）(CH01_1259)","『おじさんの…おチンポで…いっぱい…いっぱい…何度も…イっちゃった……。』"
"主人公","『乙羽ちゃん、初めてのアナルですごい乱れ方をしたねぇ。おじさん、びっくりしたよ』"
"小鳥遊 乙羽(CH01_1260)","『はー…はー……お尻…アナル…気持ちよくて…。はぁーはぁー…っあっ…はー…っはー…』"
"小鳥遊 乙羽(CH01_1261)","『アナルも…頭も…もうぐちゃぐちゃで…んんっ…はぁ…いつも以上に体がフワフワして…すごく…満たされてるの……』"
"主人公","『これで乙羽ちゃんのおマンコもアナルも、初めては全部おじさんがもらっちゃったね』"
"小鳥遊 乙羽(CH01_1262)","『はー…はぁ…んっ……う、嬉しい……。気持…ち、よかった…？…はぁ、…はぁ…はぁ……はぁ…』"
"主人公","『とってもよかったよ。気持ちよすぎていっぱいザーメン出しちゃうくらいに』"
"小鳥遊 乙羽(CH01_1263)","『…よ、かった…。はぁ、はぁはぁ…っ…私…だけじゃなく…て…はーはー、おじさんも…気持ちよくなれて…』"
"主人公","『乙羽ちゃん、自分で開発してお尻を差し出すなんて…一途でエッチですごく可愛いよ』"
"小鳥遊 乙羽(CH01_1264)","『おじさん…はー…ぁ…っはー…はー…ん、…はーっ…ん……はぁはぁ…』"
"小鳥遊 乙羽（独白）(CH01_1265)","『全身まだ痺れてる…動けないよぉ…。ずっとこうしてたい…。大好きなおじさんと…いっぱいエッチしてたい…。』"
"小鳥遊 乙羽(CH01_1266)","『ぁ…はー…っぁ……はー…はー……はぁー…ぁ…はー…っはー…はー……ぁ…はぁ、はぁ…』"
"小鳥遊 乙羽（独白）(CH01_1267)","『もし莉乃ちゃんと何をしてたとしても…。ここまで…こんな風に、シてあげられるのは私だけのはず。』"
"小鳥遊 乙羽(CH01_1268)","『はぁ、はぁ、はぁ…はー…ぁ…ふー………はぁー…ぁ…はー…はー…っはー…はぁ……はぁ…はぁ…』"
"小鳥遊 乙羽（独白）(CH01_1269)","『私が、一番おじさんを満足させてあげられるんだから…。』"
