﻿Character,Text
"小鳥遊 乙羽(CH01_1336)","『っ、はーっ、はーっ…はふ、ぅ…はぁー…』"
"茂部","『ほ、本当に具合…悪そうだね。逆に気を遣わせちゃったかな…？ごめんね。俺、その…帰るよ。』"
"小鳥遊 乙羽(CH01_1337)","『っふー…っ…ふー…う、うん…具合…ちょっと…っはぁ…はぁ、ほんと…良くないから…そう、して…。』"
"茂部","『お、お大事にね。補習中でも体調悪くなったら相談して。』"
"小鳥遊 乙羽(CH01_1338)","『わ、わかった…。はーっはーっ…ありがと…。』"
"茂部","『じゃ、じゃあ…。』"
"","――――――――"
"","―――――"
"","―――"
"","――"
"","―"
"小鳥遊 乙羽(CH01_1339)","『っ！！…はーっ♡…はー♡っあ♡…はぁー…まだ、おマンコ奥、ヒクッヒクッ…してるっ…♡♡』"
"主人公","『…乙羽ちゃんのおマンコ…まだ精子を搾り取ろうと激しくパクパクしてるよ。』"
"小鳥遊 乙羽(CH01_1340)","『はーっ…はぁ…あ♡、だって…私、茂部君と顔をっ…合わせたまま…っ…知ってる男子の目の前でっ…』"
"小鳥遊 乙羽(CH01_1341)","『おじさんに…思いっきり突き上げられて、いっぱい感じて…はぁはぁ♡…意識、ほんとに飛びそうにっ…なって…はぁっ♡…はー♡…イっちゃった…♡』"
"主人公","『乙羽ちゃんは、エッチになっちゃダメな時ほど感じるスケベな子だねぇ。おじさんが思った通りだ。』"
"小鳥遊 乙羽(CH01_1342)","『だって…はぁ、はぁ♡♡…おじさんが…茂部君がいるのに…激しく突いてくるからぁ…。』"
"小鳥遊 乙羽(CH01_1343)","『…はーはー♡…茂部君、すごく頑張って隠してた、けど…んっ♡…私が感じてる顔を見て…勃起、してた…。』"
"主人公","『ほら、言った通り…交尾でサカったメス顔は隠せないし、立派にオスを誘ってるじゃないか。』"
"小鳥遊 乙羽(CH01_1344)","『で、でも…っ…ん、私はおじさんにしか興味ないもん…。はぁ、ふぅ…♡…だけど…茂部君…あんなになって…私、帰ってから…オカズにされちゃうの、かな…。』"
"主人公","『おじさんだったら、自分の好きな子がこんなにエロい顔をして目の前にいたら、即センズリこいちゃうよ。』"
"小鳥遊 乙羽(CH01_1345)","『っ♡…ぉ…おじさんの…おチンポと精子で…おマンコがいっぱいなのに…茂部君からもおマンコ狙われて…中出し妄想…されちゃう、なんて…♡』"
"主人公","『あの口ぶりなら童貞だろうから…乙羽ちゃんのキツくてトロトロの極上マンコなら一瞬で射精しちゃうだろうね。』"
"小鳥遊 乙羽(CH01_1346)","『私は…絶対おじさんだけのものだから…♡……でも、隠してた勃起チンポ…ちょっとだけ興奮しちゃったかも』"
"主人公","『おじさんのチンポより、大したこともない童貞チンポのほうがいいのかい？』"
"小鳥遊 乙羽(CH01_1347)","『ううん、おじさんのがいいに決まってる♡…ん、もう…またおマンコにおチンポ欲しくなってきちゃった…♡』"
"小鳥遊 乙羽(CH01_1348)","『バレそうなセックスもいいけど…今度は我慢しないで思いっきりハメたいの…。』"
"主人公","『さっきたっぷり出してあげたけど、もうこんなにチンポは硬くなってるよ』"
"小鳥遊 乙羽(CH01_1349)","『…わぁ…ほんとだぁ♡だからおじさんのおチンポ…大好き…♡♡』"
"主人公","『あの子は若くてもこんな風にはならないだろうなぁ。せいぜい１回チョロっと出して萎んで終わりだろうねえ』"
"小鳥遊 乙羽(CH01_1350)","『はぁっ♡はぁっ♡…私、１回だけじゃ…ちょっとなんかじゃ全然満足出来ないよぉ…。もっと、もっと…おチンポ欲しい…♡♡』"
"主人公","『へえ、チンポだけかい？』"
"小鳥遊 乙羽(CH01_1351)","『ううん、精子…ザーメン…おチンポ汁…。子宮の奥も体にもいっぱいぶっかけて塗りたくってほしいの…』"
"主人公","『…そんなことをしたら体中イカ臭くなって、乙羽ちゃんは非処女の淫乱ビッチだって、さっきの男子にバレちゃうかもしれないよ？』"
"小鳥遊 乙羽(CH01_1352)","『フフ…もしバレちゃったら…茂部君、怒りながらでもやっぱりシコシコしちゃうのかな…？ああ♡…すっごくスケベで興奮しちゃう…♡はあはあ…♡』"
"主人公","『ははは、今の乙羽ちゃんだと本当にあの男子とヤりかねないな』"
"小鳥遊 乙羽(CH01_1353)","『ううん、そんなことない…！茂部君は、おじさんとのセックスの…刺激でしかないの♡』"
"小鳥遊 乙羽(CH01_1354)","『私にはおじさんだけ…♡それを今から証明するから…。今度は私の好きにさせて？♡♡』"
"","―――　"
"","―…"
"小鳥遊 乙羽(CH01_1355)","『茂部くんの前でシてくれたお返しに、おじさんをすっご～く気持ちよくしてあげる♡ほんと、いっぱいシちゃうんだから…。覚悟してね♡』"
"主人公","『いつになくサカってるね…。これからおじさんはどうなっちゃうのかな？』"
"小鳥遊 乙羽(CH01_1356)","『ふふ…、ギンギンに勃起しまくってるオチンポを…こうやってぇ……』"
"小鳥遊 乙羽(CH01_1357)","『はぁっ……あぁぁぁ………んんん……』"
"主人公","『おおぉ…、おっ…、』"
"小鳥遊 乙羽(CH01_1358)","『はぁ、あっ…、あぁん…♡』"
"小鳥遊 乙羽(CH01_1359)","『オマンコに挿入されて……いっぱい犯されちゃうんだよ？残ってるザーメン、全部搾り取ってあげる♡』"
