﻿Character,Text
"小鳥遊 乙羽(CH01_1360)","『はぁ…っ♡…はぁっ♡…はぁ♡…ぁ…はぁ……はー…はーっ♡…っぁ…はーっ♡♡……』"
"主人公","『今日はこのぐらいにしておこうか。』"
"小鳥遊 乙羽(CH01_1361)","『はぁ♡はぁ♡…っ…えー…もっとしたいぃ…♡っ、ねえ…私まだ出来るよ、おじさんも出来るでしょ？』"
"主人公","『出来るけど、そろそろ保健の先生が戻ってくるだろうからなあ。』"
"小鳥遊 乙羽(CH01_1362)","『んー……じゃあ……一緒に待つ♡』"
"主人公","『こらこら。もうぐったりしてるじゃないか。今日はもう帰りなさい、ね？』"
"小鳥遊 乙羽(CH01_1363)","『ん……んぅ。はーい…。』"
"小鳥遊 乙羽（独白）(CH01_1364)","『それからも少しだけ、おじさんに抱きついたり、擦り寄ったりしながらワガママ言っちゃった。おじさんは困った顔してたけど、すごく幸せな時間だった』"
"小鳥遊 乙羽（独白）(CH01_1365)","『そうこうしてるうちに保健の先生が戻ってきたから保健室にいる理由を誤魔化して…逃げるように外に出た。』"
"","――――――"
"","―――"
"小鳥遊 乙羽（独白）(CH01_1366)","『今日はおじさんと一緒にいられて、エッチもたくさん出来て…すっごく嬉しい。』"
"小鳥遊 乙羽（独白）(CH01_1367)","『保健室まで来た茂部君にはびっくりしたし、困ったけど…どうにか誤魔化せたし…。』"
"小鳥遊 乙羽（独白）(CH01_1368)","『茂部君ってけっこう強引なんだな…。席替えなんてないだろうし、補習中はずっと隣の席だよね。……あっ！！』"
"小鳥遊 乙羽（独白）(CH01_1369)","『教科書もノートも…そもそも鞄を教室に置いたまま！…取りに行かなくちゃ！！』"
"","―――――"
"","―――"
"小鳥遊 乙羽(CH01_1370)","『はぁ…気付いてよかったぁ。早く帰って…』"
"小鳥遊 乙羽（独白）(CH01_1371)","『あれ……あそこにいるのは…おじさん？…と……………莉乃、ちゃん？』"
"小鳥遊 乙羽（独白）(CH01_1372)","『あれ…なんだかすごく真剣な様子で話してる。』"
"","―――――"
"","―――"
"主人公","『…勘違いだと思うけどなぁ…。莉乃ちゃんはすぐにそうやって思い込むから。』"
"暁 莉乃(CH02_0338)","『そうじゃないってば。とにかく…明後日の夕方、教室で待ってるから。必ず来てよね。』"
"主人公","『はぁ、わかったよ。』"
"小鳥遊 乙羽（独白）(CH01_1373)","『…おじさん、私を早く帰らせたのは、莉乃ちゃんと話をするためだったの？…勘違いって、何が…？』"
"小鳥遊 乙羽（独白）(CH01_1374)","『莉乃ちゃんも…明日、おじさんを教室に呼び出して一体何をするんだろう……？』"
"小鳥遊 乙羽（独白）(CH01_1375)","『ずっと引っかかってたけど…莉乃ちゃんとおじさんって本当に何かあるのかな…？』"
"小鳥遊 乙羽（独白）(CH01_1376)","『私がこの町にいない間…私に言えないような何か…。』"
"小鳥遊 乙羽（独白）(CH01_1377)","『莉乃ちゃんは、プールで遊んだ時も変だった。おじさんと私を遠ざけるようにしたり…』"
"小鳥遊 乙羽（独白）(CH01_1378)","『おじさんはいつも相手をしてくれるけど、やらしいことをいっぱい迫ってる私に…本当は幻滅してたりするのかな？』"
"小鳥遊 乙羽（独白）(CH01_1379)","『もしそうだったら…私なんかよりずっとしっかりしてて、素敵な莉乃ちゃんの方を選んじゃってもおかしくない……。』"
"暁 莉乃(CH02_0339)","『私が今まで誰にも言ってないからって、何もなかったわけじゃないのはわかっているでしょう？』"
"主人公","『はいはい。』"
"暁 莉乃(CH02_0340)","『っ…。今日はもういい！その何も認めない態度、本っ当にイヤ。明後日…絶対だからね。』"
"小鳥遊 乙羽（独白）(CH01_1380)","『なんか…痴話喧嘩してる仲にも見えて…。やっぱり、莉乃ちゃんとおじさんの間に絶対何かあるんだ…。』"
"小鳥遊 乙羽（独白）(CH01_1381)","『…もうじっとしていられない。突き止め…なくちゃ…。』"
