﻿Character,Text
"小鳥遊 乙羽(CH01_0864)","『はぁ、はぁっ…はぁっ…んっ…はぁ…』"
"主人公","『乙羽ちゃんの手コキ、すごくよかったよ』"
"小鳥遊 乙羽(CH01_0865)","『そんなっ…恥ずかしいっ…。んん…』"
"小鳥遊 乙羽(CH01_0866)","『んっ、お、おじさんだって、おチンチン…まだビクビクして…っんっ、すごく…硬い…っ』"
"主人公","『ふふ、それは乙羽ちゃんのおマンコの中に入りたくて仕方なくなってるからだよ』"
"小鳥遊 乙羽(CH01_0867)","『や、やだあ…ダメだよ…』"
"主人公","『乙羽ちゃんも興奮してチンポを欲しがってるだろう？しっかりほぐすから…挿入[い/2]れようか』"
"小鳥遊 乙羽(CH01_0868)","『えっ…』"
"主人公","『おじさん、もうどうしても我慢できないよ』"
"小鳥遊 乙羽(CH01_0869)","『はー、はー…そ、それはしないって言ったのに…』"
"主人公","『でも、ものすごく挿入[い/2]れて欲しそうにしているよ。ほら…もう触っていないのにヒクンヒクンさせて…』"
"小鳥遊 乙羽(CH01_0870)","『それは…っ、んっあっ…で、でもぉ…いれるのは…』"
"主人公","『そう言ってても、ヌルヌルで淫らに濡れてるのはおチンポ頂戴って意味なんだよ』"
"小鳥遊 乙羽(CH01_0871)","『だ…だけど…。はぁはぁ…はぁはぁ…』"
"主人公","『んん？それともおじさんとはもうしたくないのかな？』"
"小鳥遊 乙羽(CH01_0872)","『はぁ、はぁ…そ、そういう意味じゃない、けど…。あっ、ぁ…ぅ…』"
"主人公","『だったら、いいよね？』"
"小鳥遊 乙羽(CH01_0873)","『ん、やっ…ダメだよぉ…』"
"主人公","『おマンコが猛烈にチンポを貪りたがってるんだよ？さっきからお汁が涎みたいに…亀頭で掬ってあげるね』"
"小鳥遊 乙羽(CH01_0874)","『んあぁっ！…はっはっ、あっ、ああっ…』"
"主人公","『ほら、乙羽ちゃんもしっかり悦んでるじゃないか』"
"小鳥遊 乙羽(CH01_0875)","『はぁはぁはぁ…で、でもぉ…。はぁはぁ…』"
"主人公","『さあ、しっかり奥まで咥えさせてあげるね』"
"小鳥遊 乙羽(CH01_0876)","『…ぁ、や…』"
"小鳥遊 乙羽(CH01_0877)","『ん、ひっ…ぅ、んっぁあああっ…！！！！』"
"主人公","『おお、おお…。淫肉がぴっちりとしゃぶりついてくるねえ…』"
"小鳥遊 乙羽(CH01_0878)","『あっ、はっ…ぁっ、や…っはいっちゃ…っ、…んんっ、ぁ…』"
"主人公","『そうだよ。挿入[はい/2]ったんだ。たっぷり楽しませてあげるね。そらっ…』"
"小鳥遊 乙羽(CH01_0879)","『やあ、あっ、あっ…ああっ、あっあっ…んっ、あっはっ、あっ…あっぁ、あぁ…』"
"主人公","『ちょっと動いただけでこんなにスケベ汁をまき散らしてしようのない肉穴だなぁ』"
"小鳥遊 乙羽(CH01_0880)","『はっ、あっ、ご、ごめんな、っひゃぃっ…んっんんっあうっ…んあっ、んうう…っあんっ』"
"主人公","『いいんだよ。おじさんは欲張りなおマンコが大好きだから。もっともっとチンポをねだるようにしてあげるね』"
"小鳥遊 乙羽(CH01_0881)","『こんなのっ…あっあっ、んっ…あっ…はっあっ…』"
"主人公","『こんなの、なんだい？言ってごらん』"
"小鳥遊 乙羽(CH01_0882)","『はぁ、あっ、こんな…んっ…あっ、んあ…っ…』"
"主人公","『…っ？！！』"
"小鳥遊 乙羽(CH01_0883)","『っ…！！！』"
"小鳥遊 麗子(CH03_0024)","『はぁ…あの子ったら、言ってた時間にも来ないし…』"
"小鳥遊 乙羽(CH01_0884)","『嘘っ……お、母さん……？！』"
"小鳥遊 麗子(CH03_0025)","『何度かけても電話にも出ないし…。ああ、まったく。どこで何をしてるのかしら…？』"
"小鳥遊 乙羽(CH01_0885)","『電話…？あっ、マナーモードでカバンの中っ…！！』"
"小鳥遊 麗子(CH03_0026)","『あの子がいそうな所って…もうここしかないじゃないの』"
"主人公","『時間って、乙羽ちゃん…？』"
"小鳥遊 乙羽(CH01_0886)","『っ…お母さんに部活活動のこと軽く話すって約束してて…っで、でもここに来るなんて……！』"
"小鳥遊 麗子(CH03_0027)","『乙羽ー、いるのー？…そこにいるんでしょう？』"
"主人公","『と、ともかく…押し入れの中へ…！！』"
"小鳥遊 麗子(CH03_0028)","『何よ、ここにもいないわけ…？…もう。これからＰＴＡ会議で時間がないっていうのに』"
"小鳥遊 乙羽(CH01_0887)","『ど、どうしよう……』"
"主人公","『………』"
"小鳥遊 乙羽(CH01_0888)","『っ…！？』"
"主人公","『…っ？！』"
"小鳥遊 麗子(CH03_0029)","『……はい、もしもし。…はい、…はい。１５ページ…ですか…？…ええ、手元にありますけど…』"
"小鳥遊 麗子(CH03_0030)","『はい。ええ…わかりました。こちらで確認します。はい。大丈夫です。今すぐ取り掛かりますから。はい…では』"
"小鳥遊 麗子(CH03_0031)","『…はあ。忙しい時に限って…何よ、記載ミスって。…もうここでやっていくしかないわね』"
"小鳥遊 乙羽(CH01_0889)","『…ええ、ここでって…嘘……』"
"小鳥遊 麗子(CH03_0032)","『汚らしいけど机も一応あるみたいだし。さて…えっと…１５ページ……項目、８の……』"
"主人公","『っ……』"
"小鳥遊 麗子(CH03_0033)","『…そうだ。あの子に用務員室にいるって連絡しなきゃ。下手に探し回られて、すれ違っても困るし…』"
"小鳥遊 麗子(CH03_0034)","『ＬＩＭＥしておけばいいわね。えっと…”あなたが来ないのでお母さんは用務員室で作業をしています”』"
"小鳥遊 麗子(CH03_0035)","『”ＰＴＡの会合が始まり次第、会議室に行きます”…と。…はぁ。本当にあの子はどこで何してるのかしら』"
"小鳥遊 乙羽(CH01_0890)","『お、おじさん…どうしよう……』"
"主人公","『ど、どうって……出ていけないだろう。大変なことになるぞ。あと、もっと声を抑えて…』"
"小鳥遊 乙羽(CH01_0891)","『っ、ぁ、うん…あの…っ、お、おじさん…もしかして…あのえっと…はぁ、ぅ…』"
"主人公","『なんだい…？』"
"小鳥遊 乙羽(CH01_0892)","『き、気のせいかもしれないけど…おじさんのおチンチン…大きく…なっていってる…？』"
"主人公","『ああ、バレちゃったかな。乙羽ちゃんとくっついているとどうしてもこうなっちゃうんだよ』"
"小鳥遊 乙羽(CH01_0893)","『で、でも…すぐそこに、お母さんがいるのにっ…』"
"主人公","『そういう乙羽ちゃんだって、息が荒くなってまた太ももまでお汁が垂れてきているよ…？』"
"小鳥遊 乙羽(CH01_0894)","『っ、そ、それはっ……。っは…ぁ…』"
"主人公","『お母さんがいるのに、おじさんチンポを誘惑するすべすべの太ももとヌメヌメおマンコにはお仕置きだ』"
"小鳥遊 乙羽(CH01_0895)","『ぇ、お、おじさん…！う、動かさないで…！んっ、ぁっ…や、…う、んっ…』"
"主人公","『どんどん濡れてきてるぞ。もしかしてこういうのも好きなのかな…？』"
"小鳥遊 乙羽(CH01_0896)","『ち…違うよぉ…。あっ、ぅ…、ぅ…っ』"
"主人公","『ああ、もう辛抱できない！』"
"小鳥遊 乙羽(CH01_0897)","『え、え、ど、どういうこと…？！』"
"主人公","『ごめんね、乙羽ちゃんがいやらしすぎてもう我慢できないよ。挿入[いれ/2]れるからね』"
"小鳥遊 乙羽(CH01_0898)","『う、嘘っ、おじさっ…』"
"小鳥遊 乙羽(CH01_0899)","『んっ…～～～～っ！！！』"
