﻿Character,Text
"主人公","『少しは落ち着いたかい…？』"
"","事後の激しい呼吸が徐々に収まりつつある乙羽ちゃんを見やる。"
"","まだ体全体の肌がほんのりと赤く火照っているようだ。我を忘れたように絶頂していたから無理もない。"
"小鳥遊 乙羽(CH01_1067)","『ま、まだ…ちょ、ちょっと…はぁ…はぁ…はぁ…はぁ……はぁ……』"
"","シャワーで洗い流した後も、肌の張りや艶は、この年頃特有の若さを主張していて…惚れ惚れとしてしまう。"
"主人公","『乙羽ちゃんもすっかり、おじさんとのエッチにハマっちゃったねぇ』"
"小鳥遊 乙羽(CH01_1068)","『うっ…ぅう……だ、だって……ん……ふぅ…はぁ…はぁ…』"
"","落ち着きと共に理性も戻ってきているようで乙羽ちゃんらしい強い恥じらいが見え隠れする。"
"主人公","『…だって？』"
"小鳥遊 乙羽(CH01_1069)","『…っ…き、気持ちいいし…おじさんとの……が…す、……好きだし……』"
"","消え入るような声やたどたどしさがまだある。"
"","自分も大いに楽しんだが、今の目的は求めているものを乙羽ちゃんにはっきりと自覚させることだ。"
"主人公","『ふーん、おじさんとのエッチだけが好きなのかな？』"
"","意地悪というよりは、しっかり問いただす。"
"小鳥遊 乙羽(CH01_1070)","『ち、違うよ！！おじさんのことも…好きだし…その……』"
"主人公","『…………』"
"小鳥遊 乙羽(CH01_1071)","『………お、おじさんとの…え、エッチも…す、好きなの…。そ、そういうことだから…エッチだけじゃないから…』"
"主人公","『でもおじさんとのエッチが好きなことはちゃんと認めるんだね？』"
"小鳥遊 乙羽(CH01_1072)","『………う、うん………』"
"","この年頃の子は本当に…なんともチョロい。そして恐ろしいぐらい真っ直ぐで、愛おしくなる。"
"主人公","『おじさんも乙羽ちゃんとのエッチが大好きだよ』"
"小鳥遊 乙羽(CH01_1073)","『ん………』"
"主人公","『莉乃ちゃんにバレてないといいねえ』"
"小鳥遊 乙羽(CH01_1074)","『も、もう！またそんなこと言って…。せっかく……う、嬉しかったのに』"
"主人公","『そうなの？』"
"小鳥遊 乙羽(CH01_1075)","『う、うん……。で、でも、気付かれてないかは私もやっぱり気になっちゃう』"
"小鳥遊 乙羽(CH01_1076)","『もし、何かあったらおじさんに迷惑かけちゃうし…。おじさんといられなくなっちゃうから…』"
"主人公","『……そこまで心配させるつもりはなかったんだよ。つい乙羽ちゃんを見てるとからかいたくなってね』"
"小鳥遊 乙羽(CH01_1077)","『おじさんってば……もう。あ…他に気になることがあるの。それに莉乃ちゃんをすごい待たせてるかも…』"
"主人公","『そうだった、そろそろ行かないといけないね？』"
"小鳥遊 乙羽(CH01_1078)","『…うん。じゃあ…その…私、行くね。あまり長いと怪しまれちゃう…』"
"","堂々とした関係である必要はない。むしろ、この方が興奮すると内心確信している。"
"主人公","『ああ、じゃあ気を付けて…』"
"小鳥遊 乙羽(CH01_1079)","『おじさんは…ちょっと経ってから出てきて…』"
"主人公","『うん。わかってるよ』"
"小鳥遊 乙羽(CH01_1080)","『あ、そうだ…おじさん………』"
"","乙羽ちゃんがふわっと身を寄せてきて…"
"小鳥遊 乙羽(CH01_1081)","『…んっ………っちゅ…』"
"","事後の熱に加えて、しっとりとした湿り気のある柔らかい唇が触れる。"
"","それが離されることもなく、かといって貪り合うわけでもなく、静かにそっと押し付けられた。"
"小鳥遊 乙羽","『……………』"
"","少し驚いてしまった。初めて乙羽ちゃんに対して圧倒、という気持ちを抱いたかもしれない。"
"","だがそれもすぐに、照れた様子の可愛らしさに埋もれて慎ましく隠れてしまった。"
"小鳥遊 乙羽(CH01_1082)","『じゃあ、また、ね…』"
"","いそいそと出ていく乙羽ちゃんを見送る。"
"","見送りながら自覚させたこと、そして改めて、秘密を抱えさせた優越感にしばし浸る。"
"","それから……"
"","…さて、俺の肉奴隷にするためには、などと下卑た考えが浮かんだ。"
"","あの様子ならば、次に会う時はすぐに求めてくるだろう。であれば、ここは少し焦らしてもいいかもしれない。"
"","――――"
"","――"
"小鳥遊 乙羽（独白）(CH01_1083)","『……はぁ、すっっごくドキドキした…。』"
"小鳥遊 乙羽（独白）(CH01_1084)","『もし、おじさんとのエッチが…莉乃ちゃんにバレてたら…どうなってたのかな…？』"
"小鳥遊 乙羽（独白）(CH01_1085)","『…さっきまで、あんな事してたせいで忘れてたけど、やっぱり莉乃ちゃんの態度…気になっちゃうな…。』"
"小鳥遊 乙羽（独白）(CH01_1086)","『好きな人……か……。』"
"小鳥遊 乙羽（独白）(CH01_1087)","『…プールサイドでだけじゃなくて、シャワーの時まで…莉乃ちゃんにはおじさんについて尋ねてくる…。』"
"小鳥遊 乙羽（独白）(CH01_1088)","『……私の前に立ちはだかったのも、セクハラだとか…私をおじさんに見られないようにするためじゃなくて…』"
"小鳥遊 乙羽（独白）(CH01_1089)","『…おじさんの目線を私から奪い返したかったとか…？』"
"小鳥遊 乙羽（独白）(CH01_1090)","『おじさんについての答えは全部曖昧だし。やっぱり莉乃ちゃんも…おじさんのことが好きなのかな…？』"
"小鳥遊 乙羽（独白）(CH01_1091)","『それとも、もしかして関係に気付かれてる…？』"
"小鳥遊 乙羽(CH01_1092)","『んー…』"
"小鳥遊 乙羽（独白）(CH01_1093)","『すごくモヤモヤしてきちゃった。でも莉乃ちゃんとは仲のいい友達でいたいよ。ずっと仲が良かったんだし…。』"
"小鳥遊 乙羽（独白）(CH01_1094)","『こんな気持ちを抱えたままなんて、絶対良くない。次こそはっきりと莉乃ちゃんに尋ねなきゃ…。』"
"","―――――――"
"","――――"
"","――"
"小鳥遊 乙羽","『…………』"
"暁 莉乃(CH02_0327)","『乙羽、さっきから黙ってどうしたの？』"
"小鳥遊 乙羽(CH01_1095)","『うーん……ちょっと考え事っていうか…』"
"暁 莉乃","『…？』"
"暁 莉乃(CH02_0328)","『あ、そうだ…先に、ちょっといいかな？』"
"小鳥遊 乙羽(CH01_1096)","『え、っ…あ、うん…どうしたの？』"
"暁 莉乃(CH02_0329)","『あのさ、改めて聞くけど…乙羽の好きな人って…おじさんじゃない…よね？』"
"小鳥遊 乙羽(CH01_1097)","『えっ……。んー…そう、だったら…ヘン、かな？』"
"暁 莉乃(CH02_0330)","『あ…え、それ…本当なの？』"
"小鳥遊 乙羽(CH01_1098)","『……うん』"
"暁 莉乃(CH02_0331)","『……や、やめときなよ』"
"小鳥遊 乙羽(CH01_1099)","『え……』"
"暁 莉乃(CH02_0332)","『ほら、だって…おじさんって、乙羽のお母さんの弟さんでしょ…？だったら親族だし…その…』"
"暁 莉乃(CH02_0333)","『昔からお母さんと仲良くないって言ってたし…。…そのさ、越してきてすぐで寂しいから…好きって勘違いしてるだけかもしれないよ…？』"
"小鳥遊 乙羽","『………』"
"暁 莉乃(CH02_0334)","『新学期になったらクラスメイトとも顔を合わせるし、同い年の子の中からきっといい子が見つかるよ。だから、えっと…』"
"暁 莉乃(CH02_0335)","『よく考えてみて…？』"
"小鳥遊 乙羽(CH01_1100)","『莉乃ちゃん…』"
"暁 莉乃","『…？』"
"小鳥遊 乙羽(CH01_1101)","『莉乃ちゃんはすごく、私をおじさんに近づけないようにしてるけど…おじさんが好きだと何か問題あるのかな？』"
"暁 莉乃(CH02_0336)","『え…いや、別に…問題って…いうのはない、けど…。わ、私はただ、乙羽のことがすごく心配で……』"
"小鳥遊 乙羽(CH01_1102)","『私のことは心配しないで。大丈夫だから』"
"小鳥遊 乙羽(CH01_1103)","『それにもし何かあったら、真っ先に莉乃ちゃんに相談するからさ』"
"暁 莉乃(CH02_0337)","『乙羽……』"
"小鳥遊 乙羽(CH01_1104)","『さ、早く帰ろ』"
