﻿Character,Text
"","―――――"
"","――"
"","―"
"小鳥遊 乙羽（独白）(CH01_1539)","『それからは時間があっという間に過ぎた…。』"
"小鳥遊 乙羽（独白）(CH01_1540)","『夏休みも終わって、新学期が始まって……私は……』"
"友人Ａ","『乙羽ちゃん！今日、ノート貸してくれてありがとうね』"
"友人Ｂ","『もー、また乙羽に借りたのー？』"
"友人Ａ","『えへへ…』"
"小鳥遊 乙羽(CH01_1541)","『いいのいいの。私も借してもらうことがあるかもしれないし』"
"小鳥遊 乙羽（独白）(CH01_1542)","『最初は緊張したけれど…今はクラスになじめて、引っ込み思案な私にも何人かの親しい友達が出来た。』"
"友人Ｂ","『あ、そうだ。乙羽、今日一緒に帰らない？』"
"小鳥遊 乙羽(CH01_1543)","『え……？』"
"友人Ａ","『うん、そうだ！たまには一緒に帰ろうよ！』"
"小鳥遊 乙羽(CH01_1544)","『あ…ご、ごめん。その、今日はちょっと寄るところ…用事があって…』"
"友人Ａ","『えー、またぁ？！』"
"友人Ｂ","『ちょっと…ほら、違うよ。アレだよ、アレ』"
"友人Ａ","『え？アレって…あ、まさかぁ…』"
"友人Ａ","『彼氏いるんでしょー！』"
"小鳥遊 乙羽(CH01_1545)","『ち、違うよ～…そんなんじゃないってば。本当に用事なのに～…』"
"友人Ａ","『あー、でもそうかも。乙羽、すごく成績いいし…今から秘密の勉強とかしててもおかしくないよね』"
"小鳥遊 乙羽(CH01_1546)","『え…そ、そんな特別なことしてないよ…？』"
"友人Ｂ","『あはは、あり得る。勉強だったら私はもう授業でお腹いっぱい。宿題もあるしさぁ…』"
"友人Ａ","『じゃあうちらはその用事、ついていけないなー。あ、でも。彼氏でも好きな人でも、できたら私達に話してよね』"
"小鳥遊 乙羽(CH01_1547)","『う、うん。勿論。…じゃあ、私、急ぐからこれで。…またね』"
"小鳥遊 乙羽（独白）(CH01_1548)","『前の学校と全く違って、皆のびのびしてて…学校生活が楽しいって初めて思える日々を送っている。』"
"小鳥遊 乙羽（独白）(CH01_1549)","『でも、楽しいって思えるのはそれだけじゃない……。』"
"","―――――"
"","―――"
"小鳥遊 乙羽(CH01_1550)","『来たよ、おじさん』"
"小鳥遊 乙羽（独白）(CH01_1551)","『おじさんは新学期が始まってもまだ用務員としてこの学校に住み込みで働いている。』"
"小鳥遊 乙羽（独白）(CH01_1552)","『というのも、前の用務員さんは体調を崩したままなかなか元気にならないらしくて…』"
"小鳥遊 乙羽（独白）(CH01_1553)","『年齢のこともあって退職したって聞かされた。それでおじさんが正式な用務員として採用されたみたい。』"
"小鳥遊 乙羽（独白）(CH01_1554)","『夏の真っ盛りの…夏休みの間だけかもしれないなんて思っていたけれど…私の予想はいい意味で裏切られた。』"
"小鳥遊 乙羽（独白）(CH01_1555)","『誰にもバレないように、こっそりと…関係は続いている。だから…』"
"小鳥遊 乙羽（独白）(CH01_1556)","『次の夏も、またその次の夏も…、そしてその間もずっと…大好きなおじさんと一緒に離れずに過ごしていくの。』"
"","ＥＮＤ"
