﻿Character,Text
"小鳥遊 乙羽(CH01_0752)","『はー…はー…はー…っ…はー…っはー……はー…』"
"","乙羽ちゃんがまだ肩で息をしたまま、疲れからかぐったりとしている。"
"主人公","『乙羽ちゃん、本当によく頑張ったねえ』"
"小鳥遊 乙羽(CH01_0753)","『はー…はー…私、ちゃんと出来てた…？はー…はー…』"
"","純粋無垢な子が初めてを終えた時の、ぎこちなさから溢れる初々しさは格別だ。"
"","心からねぎらってやりたくなる。"
"主人公","『勿論。ちゃんと出来ていたよ。初めてでこれだけ気持ちよくしてくれたんだから』"
"小鳥遊 乙羽(CH01_0754)","『…はー…ふー…ふふ、良かった』"
"主人公","『乙羽ちゃんはどうだったかな？』"
"小鳥遊 乙羽(CH01_0755)","『やっぱり、最初はすごく痛かったけど……でも…』"
"主人公","『でも…？』"
"小鳥遊 乙羽(CH01_0756)","『は、恥ずかしいから…聞かないで。でも…私…その………嫌じゃなかったよ』"
"","内心、にんまりとしてしまう。"
"主人公","『そうかそうか。思いっきり、もっともっと気持ちよくなるには練習がいるからねえ』"
"小鳥遊 乙羽(CH01_0757)","『そう…なの…？』"
"主人公","『どんなことも１回で完璧に出来ることなんてないだろう？』"
"小鳥遊 乙羽(CH01_0758)","『う、うん…』"
"","少し気落ちさせたようだ。励ましてやらないと…。"
"主人公","『だから、これだけで全部を決めちゃ駄目だよ。乙羽ちゃんはすごく素敵な子なんだから』"
"小鳥遊 乙羽(CH01_0759)","『あ……ありがとう……おじさん』"
"","健気な声色と笑顔が戻ってきた。…さて、ここからが肝心の本題だ。"
"主人公","『乙羽ちゃんさえ、ちゃんと秘密を守れるならこれからも気持ちいいことをするのはどうだい？』"
"小鳥遊 乙羽(CH01_0760)","『こ…これからも…？』"
"","驚かれても仕方がない。でも俺は、はなから１度だけのつもりなどないので引く気はない。"
"主人公","『そう。１回だけだと分からないこともあるって分かったんじゃないかな』"
"小鳥遊 乙羽(CH01_0761)","『う、うん…』"
"","乙羽ちゃんに戸惑いの色が見え隠れする。ここは一気に説得してしまおう。"
"主人公","『こういうことは色々知っている大人と一緒にしていった方が女の子の体のためなんだよ』"
"主人公","『勿論、おじさんも絶対秘密にするし、どうするかは乙羽ちゃん次第だからね』"
"主人公","『もし、乙羽ちゃんが望むなら、おじさんがもっともっと気持ちよくしてあげるよ』"
"小鳥遊 乙羽","『………』"
"","即答で拒否をしないということは、乙羽ちゃんの性格を考えたとしても嫌ではないのだろう。"
"主人公","『すぐに返事が出来ないのは分かるよ。だから、考えてみてね。無理強いはしないから』"
"小鳥遊 乙羽(CH01_0762)","『ん…ありがとう、おじさん』"
"","短い返事が却って愛らしい。"
"","俺の手の中で、初めて女として乱れた後だということがはっきりと感じられる。"
"小鳥遊 乙羽(CH01_0763)","『ん、はぁ…ふぅ…はー…』"
"","まだ気怠そうな、恥ずかしそうな声色と態度。"
"","これで、俺は一生乙羽ちゃんの初めての相手となり、姪っ子とはいえ、その若い体が俺のものになったんだ。"
"","これからが楽しみで仕方がない。"
"小鳥遊 乙羽(CH01_0764)","『あ…おじさん、今…何時…かな？』"
"主人公","『ああ…えっと…もうそろそろ６時半だね』"
"小鳥遊 乙羽(CH01_0765)","『わっ！…か、帰らなくちゃ…！！ご、ごめんなさい』"
"主人公","『謝らなくて大丈夫だよ。ゆっくり気を付けて帰るんだよ』"
"小鳥遊 乙羽(CH01_0766)","『ありがとう』"
"","そう言った後、身を起こして、慌てた様子で最低限の身づくろいをすると、乙羽ちゃんは部屋を後にした。"
"","―――――――――"
"","―――"
"小鳥遊 乙羽","『…………』"
"小鳥遊 乙羽（独白）(CH01_0767)","『私…、おじさんと………』"
"小鳥遊 乙羽（独白）(CH01_0768)","『…本当に…エッチ、しちゃった………。』"
"小鳥遊 乙羽（独白）(CH01_0769)","『こんなこと、本当は絶対にしちゃ…いけないんだよね…。』"
"小鳥遊 乙羽（独白）(CH01_0770)","『友達の莉乃ちゃんにも…言えない…。言っちゃいけない…。ましてやお母さんになんて…』"
"小鳥遊 乙羽（独白）(CH01_0771)","『…でも…誰にも言えないけど、私…好きな人と…エッチしたんだよね……。』"
"小鳥遊 乙羽","『…………』"
"小鳥遊 乙羽（独白）(CH01_0772)","『嬉しくて…でも、嬉しいのに…いけないことをしちゃったって思うと…心がぎゅってなる。』"
"小鳥遊 乙羽（独白）(CH01_0773)","『しかも相手は…私の、おじさん…。』"
"小鳥遊 乙羽","『………』"
"小鳥遊 乙羽（独白）(CH01_0774)","『もうあれが最後。こういうことは本当に、絶対ないようにしないと…。』"
"小鳥遊 乙羽（独白）(CH01_0775)","『寂しいけど…でもおじさんに迷惑がかかっちゃう…。』"
"小鳥遊 乙羽（独白）(CH01_0776)","『それに、今は転校したばかりで授業にもついていかないといけないし、新しい生活にも馴染まなきゃ。』"
"小鳥遊 乙羽（独白）(CH01_0777)","『私のせいでお母さんは離婚して、こっちに来ることになったのに、勉強そっちのけで自分のことばかりなんて…。』"
"小鳥遊 乙羽（独白）(CH01_0778)","『もっと大きくなって、もしおじさんと付き合うことができて…周りがそれを受け入れてくれるようになったら…』"
"小鳥遊 乙羽（独白）(CH01_0779)","『こ、こういう事はそれからきっといっぱいできる…。それまではちゃんと我慢しなきゃ…。』"
