﻿Character,Text
"小鳥遊 乙羽（独白）(CH01_1382)","『補習前に、念のために予習をすると言って、早めに家を出てきた。』"
"小鳥遊 乙羽（独白）(CH01_1383)","『…予習っていうのは…嘘で、いつも通りおじさんの部屋に向かい何度かエッチをして…着替えた後…』"
"小鳥遊 乙羽(CH01_1384)","『ねえ、おじさん。夕方、また来てもいいかな？』"
"主人公","『…うーん。昨日の夕方もこうだっただろう？ここ最近、毎日帰りが遅いんじゃ、流石に麗子姉さんが心配するんじゃないかな？』"
"小鳥遊 乙羽(CH01_1385)","『え、じゃあ…ダメってこと？』"
"小鳥遊 乙羽（独白）(CH01_1386)","『おじさんのいう通り、ここ最近は補習前と補習後、毎日シてる…。それはおじさんも喜んでるから、今日もお互いシたいはず…なんだけど…』"
"主人公","『ダメというか…今日はとりあえずやめておいて、また明日にでもおいでよ』"
"小鳥遊 乙羽（独白）(CH01_1387)","『さっきまで夢中だったから忘れてたけど…思い出した。一昨日、帰ろうとして廊下で聞いた莉乃ちゃんとの会話』"
"小鳥遊 乙羽（独白）(CH01_1388)","『やっぱり…今日は莉乃ちゃんと会うからダメなの…？』"
"小鳥遊 乙羽(CH01_1389)","『えー…でも…』"
"小鳥遊 乙羽（独白）(CH01_1390)","『ぎゅっとおじさんに抱き着く…』"
"小鳥遊 乙羽(CH01_1391)","『終わった後でもおじさんのおチンポ…勃起してたよ。私ともっとエッチしたいんだよね？』"
"小鳥遊 乙羽(CH01_1392)","『私もまだナカが疼いてるの。おじさんのおチンポ…まだまだ欲しくて足りないって…。補習が終わった後に少しでいいからシたいな…』"
"主人公","『い、いやいや…そうしたいけど、おじさんは夕方から夜にかけて先生から仕事を頼まれててね』"
"主人公","『今日はどうしても無理なんだよ』"
"小鳥遊 乙羽（独白）(CH01_1393)","『…先生からの仕事？莉乃ちゃんと会うんでしょう？おじさん、嘘をつくの…？』"
"小鳥遊 乙羽（独白）(CH01_1394)","『先生からの頼まれ事なんかじゃない。…莉乃ちゃんと会うことを私は知ってるのに……。』"
"小鳥遊 乙羽(CH01_1395)","『そ、っか…』"
"小鳥遊 乙羽（独白）(CH01_1396)","『抱き着いていた腕をそっとゆるめて、離れる…。』"
"主人公","『ごめんね、乙羽ちゃん。おじさん忙しくってさ』"
"小鳥遊 乙羽(CH01_1397)","『ううん。お仕事だもんね』"
"小鳥遊 乙羽（独白）(CH01_1398)","『………やっぱり私には秘密にして、莉乃ちゃんと会うんだ。』"
"小鳥遊 乙羽（独白）(CH01_1399)","『あの時偶然聞いた、莉乃ちゃんとおじさんの立ち話。すっごく真剣な様子だった。』"
"暁 莉乃（独白）(CH02_0338)","『そうじゃないってば。とにかく…明後日の夕方、教室で待ってるから。必ず来てよね。』"
"小鳥遊 乙羽（独白）(CH01_1400)","『…待ってるから、必ず…か。どういうことなんだろう。でも、どっちに尋ねたって教えてもらえそうにない…。』"
"小鳥遊 乙羽（独白）(CH01_1401)","『再会した日から、莉乃ちゃんとおじさんの関係がどこか昔と違うのは気付いてたけど…。今思えば……』"
"小鳥遊 乙羽（独白）(CH01_1402)","『２人が本当はどういう関係なのか…尋ねても分からないなら……。今日、夕方に教室にいけば……わかるかな……』"
"主人公","『乙羽ちゃん…？』"
"小鳥遊 乙羽(CH01_1403)","『あ…』"
"主人公","『どうしたんだい？』"
"小鳥遊 乙羽(CH01_1404)","『う、ううん。ボーっとしてた。あの、わがまま言ってごめんね。私、補習があるから、そろそろ行くね』"
"","―――――――――――――"
"","―――――――"
"","―――"
"","……"
"小鳥遊 乙羽(CH01_1405)","『……来ちゃった…』"
"小鳥遊 乙羽(CH01_1406)","『まだ誰もいない…』"
"小鳥遊 乙羽（独白）(CH01_1407)","『本当のことが知りたくて…来ちゃったけど…、よく考えたら盗み聞きになっちゃうし…。』"
"小鳥遊 乙羽（独白）(CH01_1408)","『大体、こうやって来たはいいけど…そこからどうするかなんて全然考えてなかった。』"
"小鳥遊 乙羽（独白）(CH01_1409)","『……やっぱり帰ろうかな…』"
"小鳥遊 乙羽（独白）(CH01_1410)","『っ…！！』"
"小鳥遊 乙羽","『……！！』"
"小鳥遊 乙羽（独白）(CH01_1411)","『えっ、…あっ…本当に来ちゃった…？！か、隠れなきゃ…っ！…っ…どこにっ…どうしよう。机の下じゃ見えちゃう…。……そうだ！教卓なら…！』"
"","―――――"
"","――"
"主人公","『さて…と、まだ来てない。か…』"
"小鳥遊 乙羽（独白）(CH01_1412)","『よ、よかった…。ギリギリ…。見つかってない……』"
"","―――――"
"？？？(CH02_0341)","『昔から時間にだらしないのに、こういう時だけは早いのね』"
"主人公","『お、莉乃ちゃんも丁度来たんだね。そんなしかめ面したら色っぽい顔が勿体ないよ？』"
"小鳥遊 乙羽（独白）(CH01_1413)","『……………っ…』"
"暁 莉乃(CH02_0342)","『…今はそういう話しをしに来たんじゃないんだけど』"
"主人公","『まぁまぁ。そう目くじらをたてることないじゃないか』"
"小鳥遊 乙羽（独白）(CH01_1414)","『わ、おじさんっ！！…教壇に…こっちに来てる！！』"
"小鳥遊 乙羽（独白）(CH01_1415)","『め、目の前に…おじさんがいる。い…息を…殺さなきゃ。気付かれちゃう…』"
"暁 莉乃(CH02_0343)","『私が聞きたいのは…乙羽との関係なんだけど』"
"小鳥遊 乙羽（独白）(CH01_1416)","『…やっぱり、莉乃ちゃん気になってたんだ…。』"
"主人公","『呼び出して…突然、それかい？』"
"暁 莉乃(CH02_0344)","『回りくどいことは嫌いなの。いいから答えてよ』"
"主人公","『はあ。そんなに怖い顔しなくても話すよ』"
"暁 莉乃(CH02_0345)","『…答えて。乙羽に……手は出してないでしょうね？』"
"主人公","『手を出す…？』"
"暁 莉乃(CH02_0346)","『そうよ』"
"主人公","『そんな言い方じゃ何が言いたいのか…』"
"暁 莉乃(CH02_0347)","『だからはぐらかさないで。…こんな話し、二人きりの時しかできないし、ちゃんと答えて欲しいの』"
"主人公","『はあ…』"
"暁 莉乃(CH02_0348)","『……性的なこと、乙羽にしてないでしょうね？』"
"小鳥遊 乙羽（独白）(CH01_1417)","『…っ…性的って…エッチ…ってことだよね？そこまで問い詰めるなんて、やっぱり…莉乃ちゃんとおじさんって…』"
"主人公","『性的なこと…ねぇ』"
"暁 莉乃(CH02_0349)","『答えてよ。乙羽に……私にしたような事してないか、知りたいの』"
"小鳥遊 乙羽（独白）(CH01_1418)","『えっ………。…莉乃、ちゃん……に…？』"
"主人公","『どうだろうねぇ。…それに莉乃ちゃんは、ある意味特別だしなぁ』"
"小鳥遊 乙羽（独白）(CH01_1419)","『特別…？私は今、おじさんの特別じゃないの…？』"
"暁 莉乃(CH02_0350)","『何ニヤけてるのよ。こっちは真面目に聞いてるのよ？』"
"主人公","『いやあ、つい色々思い出してね。丁度、今の乙羽ちゃんぐらいの年だっけなあ…』"
"小鳥遊 乙羽（独白）(CH01_1420)","『どういうこと……？おじさん、私と莉乃ちゃんと３人で仲良く普通に遊んでた頃…？』"
"暁 莉乃(CH02_0351)","『…まさか、乙羽に何かしたの？』"
"主人公","『さぁ？でも、確かに何かしたくなっちゃうほど乙羽ちゃんは可愛いなぁ。今の莉乃ちゃんと違って素直で、一途で』"
"主人公","『莉乃ちゃんも昔は可愛かったんだけどなぁ。特に乙羽ちゃんが町に引っ越していなくなってからは、ねぇ…』"
"小鳥遊 乙羽（独白）(CH01_1421)","『私が…引っ越した後に…そういう関係になっていたの…？』"
"暁 莉乃(CH02_0352)","『…今はそんな話はしないで。聞きたくない』"
"主人公","『そうかい？今は不機嫌そうだけど、いつもあんなにおじさんを求めてきただろう？』"
"小鳥遊 乙羽（独白）(CH01_1422)","『…嫌！私だってそんなの聞きたくない…！』"
"小鳥遊 乙羽（独白）(CH01_1423)","『おじさんは…おじさんは私だけのものなの…。莉乃ちゃんとの間に何があったとしても…！』"
"主人公","『…最初は嫌がってたけれど…結局、最後は自分から腰を振るようになっておじさんにいっぱい跨ったねえ』"
"小鳥遊 乙羽（独白）(CH01_1424)","『莉乃ちゃんとおじさん、どれだけエッチしてたとしても…今は私がおじさんを一番気持ちよくしてあげられる…。』"
"暁 莉乃(CH02_0353)","『もういいでしょ、その話は！そんな話をしにきたわけじゃないの…』"
"主人公","『おや、莉乃ちゃん嫉妬してるのかい？何なら今から…』"
"小鳥遊 乙羽（独白）(CH01_1425)","『…っ！！』"
"暁 莉乃(CH02_0354)","『な、何言ってるのよ…！冗談もいい加減にして！』"
"小鳥遊 乙羽（独白）(CH01_1426)","『私ならそんな風に拒否したりしない。おじさんがしてほしい事なら何でもしてあげる。』"
"小鳥遊 乙羽（独白）(CH01_1427)","『私が一番おじさんを満足させてあげられるんだから…。………今だって、気持ちよくしてあげる…。』"
"主人公","『…っ？！！』"
"小鳥遊 乙羽（独白）(CH01_1428)","『はぁ、ふぅ……おじさんの、おチンポ……♡』"
"小鳥遊 乙羽(CH01_1429)","『…はふっ…んちゅ………』"
"暁 莉乃","『…？』"
"小鳥遊 乙羽(CH01_1430)","『じゅるっ…ちゅ、ぽ…ぐちゅ、ぽ、じゅぼっ…ちゅる、っちゅ…』"
"主人公","『……おっ…？！…おと…っ…』"
"暁 莉乃(CH02_0355)","『なっ、何？急に…』"
"小鳥遊 乙羽(CH01_1431)","『ひゅふ……ひじゅかに…』"
"小鳥遊 乙羽（独白）(CH01_1432)","『ぁあ…ガマン汁…とろっとろに溢れてきてる…。んっ…♡唾液と混じりあって……はぁ♡……美味しい…』"
"小鳥遊 乙羽(CH01_1433)","『っん、ちゅっ、じゅるっ、じゅっ…んぢゅ、っぢゅ…れろっ、ふぁ、ふ…んぶっ、ぢゅっ、じゅる…』"
"主人公","『な、なんでもないよ…』"
"小鳥遊 乙羽（独白）(CH01_1434)","『ほら、おじさんは…もう…私だけのものなんだから…』"
"暁 莉乃(CH02_0356)","『な、何よ…急にビクついたりして…』"
"小鳥遊 乙羽（独白）(CH01_1435)","『莉乃ちゃんと…どんな関係だったとしても…』"
"小鳥遊 乙羽(CH01_1436)","『じゅぼっ…んぅ"っ…ぉっ…んぼっ…れろっ…じゅるっれろ、んじゅっうっ…じゅぼっ…』"
"小鳥遊 乙羽（独白）(CH01_1437)","『私だけが気持ちよくしてあげたいの……。私がおじさんの一番でいたいの…！』"
"暁 莉乃(CH02_0357)","『私は真剣に話してるのに。本当にどうかしてる』"
"主人公","『もし、乙羽ちゃんに莉乃ちゃんが心配するようなことをしていたとして…』"
"暁 莉乃","『…………』"
"小鳥遊 乙羽（独白）(CH01_1438)","『莉乃ちゃんの心配なんて要らない。本当はいけない関係でも…おじさんのおチンポをこうやって咥えられて…私は…とっても幸せなの♡』"
"小鳥遊 乙羽(CH01_1439)","『れろっ、えろっ…じゅぼぼ…っちゅ、ん、ぉ…ぢゅりゅっ、じゅぼっ…ぢゅぼっ…』"
"小鳥遊 乙羽（独白）(CH01_1440)","『大好き…私だけのおじさん…私だけのおチンポ…美味しいよぉ…。こうしてるだけで気持ちいい…♡』"
"主人公","『…で、莉乃ちゃんはどうするんだい？』"
"小鳥遊 乙羽（独白）(CH01_1441)","『私に生ハメしてくれる、やらしいおチンポ…♡口いっぱいにひろがるこの味…好き、大好き……♡』"
"小鳥遊 乙羽(CH01_1442)","『っんぶ、れろ、れろっ…はぶっ…んぶちゅっ…じゅ…じゅぶっ、ん…ぐっ…じゅぼ、じゅぼ…』"
"暁 莉乃(CH02_0358)","『乙羽をあんな目に…私みたいに…まるで…性奴隷にするような目に遭わせていたら…』"
"小鳥遊 乙羽（独白）(CH01_1443)","『いいの…♡性奴隷でもいいの♡私もすごく気持ちいいし…大好きなおじさんのためなら…ずっと隣にいられるなら…』"
"主人公","『今の莉乃ちゃんに出来ることなんて何もないだろう？』"
"小鳥遊 乙羽(CH01_1444)","『ぢゅ、じゅるっ…じゅぼっ、ぢゅるっ、じゅう、っぼ…じゅぼっ、ぶちゅっ…んぷっ…ぶぷ…』"
"小鳥遊 乙羽（独白）(CH01_1445)","『好き♡私だけのもの…♡ねえ、ハメまくって…おじさんの好きなようにシて…』"
"暁 莉乃(CH02_0359)","『………言うから』"
"小鳥遊 乙羽（独白）(CH01_1446)","『もう何も考えらんない…♡おじさん、大好き…♡おじさんのおチンポ大好き…好き♡…大好き♡♡』"
"主人公","『ん…？』"
"小鳥遊 乙羽（独白）(CH01_1447)","『だから…射精[だ/2]して…！』"
"小鳥遊 乙羽(CH01_1448)","『ちゅ、じゅっ…んぷ、ぶぷ…じゅぷっ…ちゅぶっ、ちゅじゅぼ、っふ……ん、う…』"
"小鳥遊 乙羽（独白）(CH01_1449)","『ザーメン出して♡恵んで♡私のために…チンポ汁…いーっぱい出して♡莉乃ちゃんの前で…このまま…！』"
"暁 莉乃(CH02_0360)","『私、小鳥遊のおばさんに言いつけるから。アンタが乙羽にそういうことしてるって』"
"小鳥遊 乙羽(CH01_1450)","『じゅぼっ、ちゅぼっ…じゅるっ、じゅるる…じゅぱっ…んぷ…ちゅぶっ…じゅっ…れろっ…』"
"小鳥遊 乙羽（独白）(CH01_1451)","『すっごく熱くて、おっきくて…太くて…♡…あ♡今、ビクって、動いて…汁の味が濃くなって…♡♡』"
"小鳥遊 乙羽(CH01_1452)","『じゅぼっ、じゅぼっ…じゅる、ちゅるる…ん…ぶぷ…ふぇ、ぶ…ぶぷ、ぢゅ、ぢゅるる…っじゅぼっ…』"
"小鳥遊 乙羽（独白）(CH01_1453)","『嬉しい♡……私のためにザーメン出してくれるんだ…。すごく嬉しい♡♡私だけのためにいっぱい出してぇ…♡』"
"主人公","『っ…！！』"
"小鳥遊 乙羽(CH01_1454)","『んぶぅぅっ…！……ぶっぷっ…！ぽじゅっ……、んんっ、んぐっ、んっ…んん…、んぐっ…、じゅぷぅ……』"
"主人公","『おっ…、……おぉっ…、、』"
"暁 莉乃(CH02_0361)","『なっ、何よ、またビクっとして。私が何も出来ないと思ったの？それとも今更怖くなった？』"
"主人公","『い……、いや…別に』"
"小鳥遊 乙羽（独白）(CH01_1455)","『すっごぉ…ぃ♡濃ぉいのいっぱい…口いっぱいに…♡ああ…好き…大好き♡おじさんのザーメン大好き…♡♡』"
"小鳥遊 乙羽(CH01_1456)","『っ…んっ…ぢゅ……』"
"小鳥遊 乙羽（独白）(CH01_1457)","『最後まで…最後の一滴まで飲ませて…お掃除させて…私の中に全部吐き出して……♡♡』"
"小鳥遊 乙羽（独白）(CH01_1458)","『このチンポ汁、全部私のもの……♡♡』"
"暁 莉乃(CH02_0362)","『な、何よ。さっきから変な顔して…体震わせて…。き、気味悪いじゃない……！』"
"小鳥遊 乙羽（独白）(CH01_1459)","『おじさんの精子、こんなに沢山♡残りも…全部飲んじゃうんだから』"
"小鳥遊 乙羽(CH01_1460)","『ずじゅぅぅぅ～～～……ずじゅっ……、んんっ、んぐっ、じゅぷぅ～～、…んっ…』"
"小鳥遊 乙羽（独白）(CH01_1461)","『こんなに射精させられるの…私だけなんだから…♡♡』"
"小鳥遊 乙羽(CH01_1462)","『ごくん…っふー…っふー……っ…ふー…っふー…』"
"小鳥遊 乙羽（独白）(CH01_1463)","『好き…。おじさん大好き……♡美味しい♡いつもより濃厚な味がするの♡喉にこびりついちゃってる…♡』"
"主人公","『そりゃあ、悪かったねえ。でもなんでそこまで息巻いてるんだい？』"
"主人公","『もしかして…乙羽ちゃんを心配するフリして本当は嫉妬してるのかい？』"
"暁 莉乃(CH02_0363)","『っ…はぁっ？！』"
"主人公","『おじさんとヨリを戻したいから、おじさんにベッタリな乙羽ちゃんとの関係が気になると…』"
"暁 莉乃(CH02_0364)","『そんなわけないじゃない！自惚れるのもいい加減にしてよ！』"
"小鳥遊 乙羽（独白）(CH01_1464)","『…？ヨリを、戻す…わけない？…あれ？今…関係がある…わけじゃないんだ……？』"
"暁 莉乃(CH02_0365)","『っ…アンタなんかに知られたくないけど、私にはもう…大好きな、大事な彼氏がいるの！だからこんな話ももう終わり！！』"
"小鳥遊 乙羽（独白）(CH01_1465)","『え……？莉乃ちゃん……じゃあ、おじさんが…好きな人じゃないの……？』"
"暁 莉乃(CH02_0366)","『それに…乙羽は私のすっごく大事な友達なんだから…』"
"小鳥遊 乙羽（独白）(CH01_1466)","『え…え…？？じゃあ…莉乃ちゃんがおじさんとの間を邪魔してるとか……全部、私の…勘違い…？？』"
"主人公","『おいおい、だからってそんなに睨むなよ』"
"暁 莉乃","『……………』"
"主人公","『はぁ。おじさんが乙羽ちゃんに手を出したなんて一言も言ってないだろう？勝手に決めつけるもんじゃないよ』"
"暁 莉乃(CH02_0367)","『…でも、乙羽に何かあったら本当に、小鳥遊のおばさんに全部言うからね。私が言いたかったのはそれだけ』"
"小鳥遊 乙羽（独白）(CH01_1467)","『そんなこと…。莉乃ちゃんに何もないから大丈夫だって言わなきゃ…。でも、今は絶対出ていけない…』"
"主人公","『流石に姪っ子にそんなことはしないよ。…多分ね』"
"暁 莉乃(CH02_0368)","『っ！！ほんっと嫌な人！！…じゃあ、もう行くから。私は本気だから、覚えておいてね』"
"小鳥遊 乙羽（独白）(CH01_1468)","『…莉乃ちゃんが昔…おじさんとそういうコトがあって…それはそれでショックだけど…』"
"小鳥遊 乙羽（独白）(CH01_1469)","『莉乃ちゃん……ゴメンね。大事に思ってくれてるのに勝手に思い込んで…勘違いして…。』"
"主人公","『…ふぅ…行ったか』"
"主人公","『……いい加減、出ておいで』"
"","緊張と興奮で体が変な感じ。うまく動かない…。"
"小鳥遊 乙羽(CH01_1470)","『んっ……』"
"小鳥遊 乙羽(CH01_1471)","『っしょ…っと……』"
"小鳥遊 乙羽(CH01_1472)","『…おじさん、莉乃ちゃんと話してるのに……いっぱい出してもらっちゃった………』"
"主人公","『全く。こんなところに隠れてなんてことをするんだ。びっくりしたよ。駄目だろう？』"
"小鳥遊 乙羽(CH01_1473)","『おじさんもひどいことしてるじゃない。莉乃ゃんと……私が越した時、エッチなことしてたんでしょ！』"
"小鳥遊 乙羽(CH01_1474)","『私だけ、知らなくて……いっぱい悩んだんだよ？』"
"主人公","『それは…悪かったよ。でも、さっき言ってたことは嘘じゃないよ？』"
"小鳥遊 乙羽(CH01_1475)","『言ってたことって？』"
"主人公","『乙羽ちゃんの方が莉乃ちゃんより可愛いってことだよ。それにものすごくエッチだし、とても魅力的だよ』"
"小鳥遊 乙羽(CH01_1476)","『本当？』"
"主人公","『勿論。それに莉乃ちゃんとはもう関係を持っていないからね。今は乙羽ちゃんだけだよ』"
"小鳥遊 乙羽(CH01_1477)","『でも、おじさん、さっき莉乃ちゃんともしようとしてたし…』"
"主人公","『あれはただの冗談だよ。莉乃ちゃんをからかっただけさ。それに乙羽ちゃんとは話してるだけで……そうだね、実際に見せてあげよう』"
"主人公","『…ほぉら。またチンポが大きくなってきてるんだ。これは乙羽ちゃんが魅力的だからだよ？』"
"小鳥遊 乙羽(CH01_1478)","『…え…あっ…。…ほ、本当だ……♡』"
"主人公","『ほら、これをまた舐めたり挿入[い/2]れたりして…たっぷり味わってみたくないかい？』"
"小鳥遊 乙羽(CH01_1479)","『ん、はぁ…♡…はぁ、はぁ…。…っ…はぁ、はぁ……で、でも！私はまだ莉乃ちゃんのことで怒ってるし』"
"主人公","『そうかぁ…怒ってるかぁ。でもおじさんは今、乙羽ちゃんを味わっていっぱい可愛がってあげたいんだけどなぁ』"
"主人公","『乙羽ちゃんはどうしても嫌かい…？』"
"小鳥遊 乙羽(CH01_1480)","『はぁ、ふぅ…はぁ、はぁ…。う、…うう…。し、したい…けど…』"
"主人公","『うん。ほら、こんなに大きくなって…乙羽ちゃんのおマンコに入りたいって…今とっても苦しいよ』"
"","_口つぐみ_赤み08"
"小鳥遊 乙羽(CH01_1481)","『し…したいっ、し……する、けど…。…で、でも…』"
"主人公","『うん。…でも、なんだい？』"
"小鳥遊 乙羽(CH01_1482)","『わ、私がしたいようにおじさんにエッチするんだから！』"
"主人公","『乙羽ちゃんまでそんな迫力で…わ、わかったよ。好きにしてごらん？』"
"小鳥遊 乙羽(CH01_1483)","『あ！嘘だと思ってるでしょ。本当なんだから…。えいっ…』"
"主人公","『わっ…』"
"小鳥遊 乙羽(CH01_1484)","『ふふ…おじさん、おっきくなってるおチンポ、よぉくわかるよ…♡』"
"主人公","『きゅ、急に驚くじゃないか…』"
"小鳥遊 乙羽(CH01_1485)","『好きにしていいっていったもん。だからこれから私が好きにおじさんとセックスするの…♡』"
"主人公","『そんな顔をして…』"
"小鳥遊 乙羽(CH01_1486)","『はぁ♡はぁ♡…おじさん、また私のヌルヌルおマンコにハメたくなってるんでしょ？…はぁ、はぁ♡♡』"
"小鳥遊 乙羽(CH01_1487)","『私もフェラしてたらおじさんのこのおっきいおチンポ、濡れたおマンコに咥えたくて仕方ないの…♡』"
"主人公","『じゃあ、乙羽ちゃん、このまま…』"
"小鳥遊 乙羽(CH01_1488)","『まだだぁめ…♡』"
"小鳥遊 乙羽(CH01_1489)","『はー…♡ふー…んっ♡きゃ、ふふ…ちょっといじっただけでブルンって…おチンポの反り返り、すっごい…♡』"
"小鳥遊 乙羽(CH01_1490)","『カリがパンパンに張って…これで私の膣内[なか/2]、ヒダヒダ全部じゅぶじゅぶ掻き回されちゃうんだよね…？』"
"主人公","『もしかして…まだ莉乃ちゃんに嫉妬してるのかい？』"
"小鳥遊 乙羽(CH01_1491)","『っ…っもういいの！莉乃ちゃんの名前を出さないで。おじさんは私だけのものなんだから』"
"小鳥遊 乙羽(CH01_1492)","『私と生でズボズボしまくってるおチンポ…さっき出したばかりなのに…もうこんなになってくれるなんて…嬉しい♡』"
"主人公","『乙羽ちゃんに早く挿入[いれ/2]れたいよ…』"
"小鳥遊 乙羽(CH01_1493)","『んーん。私の好きにしていいんでしょ？…だったら私のハメたいタイミングで、おじさんのおチンポを咥えちゃうね…♡はぁ…はぁ…♡♡』"
"主人公","『逆転されてるなあ…』"
"小鳥遊 乙羽(CH01_1494)","『もうちょっと、見させて…私の膣内[なか/2]に…どんなモノが挿入[はい/2]っちゃうのか…見てたいの…』"
"小鳥遊 乙羽(CH01_1495)","『はー♡ふぅ…はぁ、はぁ♡筋が浮いてて、そそり立って…ん♡また口いっぱいにしゃぶりたくなってきちゃう…』"
"小鳥遊 乙羽(CH01_1496)","『舌の上に、この、ぷっくりして垂れてるガマン汁の味がひろがって…。ん、はぁ…♡♡臭くて美味しかった♡』"
"主人公","『も、もう我慢できないよ…口じゃなくて…乙羽ちゃんのおマンコで咥えて欲しい…』"
"小鳥遊 乙羽(CH01_1497)","『ふふ♡私ももう我慢できないかな…。いいよ、おじさん…おマンコでいっぱいズボズボ、ハメまくろ…♡』"
"","―――――――"
"","――――"
"","――"
"主人公","『ようやくだ…。乙羽ちゃんのせいでこんなになったんだから、責任取ってズボハメしてくれるかい？』"
"小鳥遊 乙羽(CH01_1498)","『ふふ♡いいよぉ…。すぐハメてあげるから…焦らないで…♡は…、あ…あぁ…♡』"
"小鳥遊 乙羽(CH01_1499)","『んっ…、あはぁぁぁーーーっっっ！！』"
"小鳥遊 乙羽(CH01_1500)","『あっ…、はぁっ…、チっ…、チンポ…、きたぁぁ…』"
"主人公","『挿入しただけでイッて…。あぁ…、中がキュウキュウうごめいているよ…』"
"小鳥遊 乙羽(CH01_1501)","『はあっ…、はぁっ…、おじさん、これからいっぱい犯してあげるから…覚悟してね…？』"
