﻿Character,Text
"","―――――"
"","――――"
"小鳥遊 麗子(CH03_0036)","『…さて、もう時間みたいね。行かなくちゃ』"
"小鳥遊 麗子(CH03_0037)","『ふぅ……結局、あの子から返信もないままだわ。こんな時間まで何も連絡を寄越さないなんて、後からキツく言わなきゃ』"
"小鳥遊 麗子(CH03_0038)","『はぁ、会議…長引かないといいのだけど。他にもまだ予定があるんだから…』"
"","――――――――"
"","――――――――"
"","―――"
"","――"
"","―"
"主人公","『ふー……やっとか』"
"小鳥遊 乙羽(CH01_0900)","『…や、やっとお母さん、行ってくれた……』"
"","やっと麗子姉さんが去ってくれた。人の部屋に勝手に上がった上に作業までするとは"
"","相変わらず、上品ぶって忙しいが口癖のいけすかない姉だ。ＰＴＡにしろ何があるにしろ、大した用事じゃないくせに。"
"小鳥遊 乙羽(CH01_0901)","『はぁ…』"
"","衣服を軽く整え、狭い押し入れから部屋に出た瞬間――――"
"主人公","『おっと、乙羽ちゃん…大丈夫かい？』"
"","乙羽ちゃんがふらっとよろめいた。慌てて体を支える。"
"小鳥遊 乙羽(CH01_0902)","『あ、ご…ごめんなさい。でも、どうなることかと思って……。安心したら気が抜けちゃって…』"
"主人公","『そこまでハラハラしてたんだねえ』"
"小鳥遊 乙羽(CH01_0903)","『おっ、おじさんが、お母さんがいるのに、な、中で…す、するから…！』"
"小鳥遊 乙羽(CH01_0904)","『それに…私…エッチなことに夢中で…約束忘れて…。うう…』"
"小鳥遊 乙羽(CH01_0905)","『お母さん、離婚してからずっと私のために忙しくしてるのに…』"
"","罪悪感と快感の間で揺れ動く乙羽ちゃんに、ちょっとした意地悪な悪戯心がわいた。"
"主人公","『その割には、思いっきり絶頂してたじゃないか』"
"小鳥遊 乙羽(CH01_0906)","『そ、それ…は………っ』"
"主人公","『おマンコの具合も前より良くなって、イク時なんて痛いぐらい締め付けてきていたし…』"
"小鳥遊 乙羽(CH01_0907)","『そ、そんな………そんなこと…い、言わないで』"
"主人公","『乙羽ちゃんは、イケナイことをしてるほうが感じて淫乱になってしまうタイプなのかな？』"
"小鳥遊 乙羽(CH01_0908)","『ち、違うよっ！！そうじゃないもん…！』"
"主人公","『そうかなあ…。乙羽ちゃんはまだ気付いてないだけかもしれないよ？』"
"小鳥遊 乙羽(CH01_0909)","『う…うう…そう言われたら…わ、わかんないけど…』"
"主人公","『前よりも気持ちよかったかい？』"
"小鳥遊 乙羽(CH01_0910)","『………う、…うん』"
"小鳥遊 乙羽","『…………』"
"","途端に、じっと黙り込んでしまった。"
"小鳥遊 乙羽(CH01_0911)","『あの…お、おじさん…私、お母さんが…あんな近くにいたのに…その、気持ちよくなっちゃってて…』"
"小鳥遊 乙羽(CH01_0912)","『やっぱりこれって…その……ふ、普通じゃないよね。私がおかしいのかな…？』"
"小鳥遊 乙羽(CH01_0913)","『もしかして…無理して…私のヘンな部分に付き合ってくれたの…？』"
"","どうやら少し言い過ぎて、不安にさせてしまったようだ。この前まで処女だった子特有の疑問というか…。"
"","やってしまった俺にも責任はある。どうにか言いくるめて落ち着かせよう。"
"主人公","『うーん、ちょっと特殊ではあるけどね。…でも、皆、１つぐらいはそういう趣味を持ってるものなんだよ』"
"主人公","『だから、乙羽ちゃんが特別おかしいとか変だとかではないよ。おじさんも興奮しちゃったからね』"
"小鳥遊 乙羽(CH01_0914)","『そ、そういうものなの…？』"
"","まだ不安そうな目をしている。少し面倒に思いながらも、この流れでリクエストしてしまおうと思いついた。"
"主人公","『そうだよ。ちょっと意地悪を言い過ぎたかな。…そうだなあ。おじさんの趣味っていえば…』"
"","うまくいけば、また今日のように運よく聞き入れてもらえるチャンスがあるかもしれない。"
"主人公","『例えば、この体操服とかね。ついでに言えば、学校で着る水着、俗にいうスクール水着とかも好きだよ』"
"小鳥遊 乙羽(CH01_0915)","『そ、そうなの…？』"
"主人公","『そうだよ。だから、普通は言わないだけで誰しも何かエッチなことへの拘りとか趣味があるんだ。…これでちょっとは安心したかな？』"
"小鳥遊 乙羽(CH01_0916)","『……うん。…あ、ありがとう』"
"","安心をして少し嬉しそうな顔をしているのは、素直な乙羽ちゃんらしい。"
"","なんだかんだ言いながらも、乙羽ちゃんも相当なスキモノだな、と早くもまた滾ってしまいそうになる。"
"","そんなことを考えていたら、覗かないでね と言いながら制服に着替えるためにまた押入れに入っていった。"
"","―――――"
"","―――"
"","――"
"","―"
"","あれだけ乱れて痴態を晒していたのに、俺の前で着替えるのは恥ずかしいらしい。"
"小鳥遊 乙羽(CH01_0917)","『あ、おじさん。私もうそろそろ行くね。今日は、お母さんに叱られちゃうな…』"
"主人公","『ああ、気を付けて帰るんだよ。大事な”勉強”をしていたんだから叱られてもあまり気にしちゃ駄目だよ？』"
"小鳥遊 乙羽(CH01_0918)","『…っ、も…もう。…わかった。ぁ、ありがとう。じゃあ、またね……』"
"","―――――"
"","―――"
"","――"
"小鳥遊 乙羽(CH01_0919)","『急いで帰らなきゃ…』"
"小鳥遊 乙羽(CH01_0920)","『ん…』"
"小鳥遊 乙羽(CH01_0921)","『はい、もしもし』"
"暁 莉乃(CH02_0282)","『もしもし、乙羽ー。今日は急がせちゃってごめんね。ちゃんと謝りたくて。…もう家だよね？』"
"小鳥遊 乙羽(CH01_0922)","『大丈夫だよ。あ…ううん。家じゃないの。まだ帰り道。急いで帰ってるところ』"
"暁 莉乃(CH02_0283)","『えっ、そうなの？…あれからどこに？？』"
"小鳥遊 乙羽(CH01_0923)","『あー…えっと、おじさんにお母さんに渡すものを頼まれてたでしょ。それを受け取ってて…』"
"暁 莉乃(CH02_0284)","『そ、そうなんだ。それにしてもちょっと遅すぎない？……何かあった？大丈夫？』"
"小鳥遊 乙羽(CH01_0924)","『う、うん。大丈夫だよ。ちょっと…話をしてただけ。あ、そうだ。相談っていうか…』"
"暁 莉乃(CH02_0285)","『ん、なになに？』"
"小鳥遊 乙羽(CH01_0925)","『お誘い、かな…。莉乃ちゃんと普通に遊びたくて…。前に、プールが開放されてるって教えてくれたよね？』"
"暁 莉乃(CH02_0286)","『うん。前教えた通りに申請したら入れるよ』"
"小鳥遊 乙羽(CH01_0926)","『だったら、今度ね、…一緒にプールで遊ばない？』"
