﻿Character,Text
"？？？(CH02_0879)","『あっ、ぁ……っぉ…っん、あ…っ…！！』"
"？？？(CH02_0880)","『はぁ、ん…ぁっ…あっ…んふっ、はぁ、あっ…んあっ…』"
"たかし","……あれ…俺………寝てた、のか……？"
"たかし","……そういえば…ああ、俺…リノに……フェラしてもらったんだよな…。"
"たかし","だからって…こんなエロい夢なんか見て…。大事にするって言ったばっかなのに…俺、サイテーだな…。"
"たかし","でも…すっげー幸せだわ………。"
"暁 莉乃(CH02_0881)","『っ、はぁ…ぁ、起き…ちゃった、んだね…？っ…』"
"たかし","『んん……』"
"暁 莉乃(CH02_0882)","『大丈夫。っ…まだ、っ…寝てていいから…』"
"暁 莉乃(CH02_0883)","『傍にいるから、…安心して、っ、ゆっくり…っ休んでね…』"
"たかし","『ん……………すー…すー…』"
"暁 莉乃(CH02_0884)","『っ…～…ぅ…っ…～～～！！…！！』"
"たかし","……こんな…夢じゃなくて…"
"暁 莉乃(CH02_0885)","『っぁっ…ああっ…あっ、ふ…んっ…んぅっ…ふーっ…ふーっ…あっ、ぁっ…』"
"暁 莉乃(CH02_0886)","『っぁはっ、あっ、あんっ…ぁっ、はっはっ…あっんっ…ん、はぁ…あっ！！』"
"たかし","…リノと早くセックスしてえな………。"
"暁 莉乃(CH02_0887)","『あうっ…はぁっ、ぁあっ…あんっ、あっ！！あっ…はぅっ…んあ！！』"
