﻿Character,Text
"暁 莉乃(CH02_0369)","『ふー、日暮れが遅いからまだまだ練習できそうに思えちゃう』"
"暁 莉乃（独白）(CH02_0370)","『今日も最後まで居残り練習をしていたら、部員は皆先に引き上げて…最後のひとりになっちゃった。』"
"暁 莉乃（独白）(CH02_0371)","『いつものことだし…それに、あの事があってからは、ひたすら練習してるほうが気が紛れる…。』"
"暁 莉乃(CH02_0372)","『っ、はあ…やっぱり結構疲れたなぁ。ケガしちゃ練習の意味がないもんね。早く帰ろっと』"
"暁 莉乃(CH02_0373)","『ん…？…あれって…』"
"暁 莉乃（独白）(CH02_0374)","『…そこでこっちに向かって走ってくる人影が見えた。』"
"？？？","『リノー！』"
"暁 莉乃(CH02_0375)","『…タカ君！』"
"たかし","『はーっ、つっかれた！ってこの程度で俺疲れねーけどな！リノ、こんな時間までまた居残り練習？』"
"暁 莉乃(CH02_0376)","『うん、そうだよ』"
"たかし","『リノ、真面目だなぁ。でももう時間いっぱいだろ？帰るならさ、一緒に帰ろうぜ』"
"暁 莉乃(CH02_0377)","『あ…でも、私まだこんな格好だし…着替えて…更衣室の清掃チェックと日誌、書かなきゃだから…』"
"暁 莉乃(CH02_0378)","『タカ君も時間いっぱいぐらいまで練習してたんでしょ？もう遅いし、今日は先に帰ってて大丈夫だよ』"
"たかし","『いーよ、いーよ。俺、待ってるからさ。やっぱリノと一緒に帰りてーし』"
"暁 莉乃(CH02_0379)","『タカ君……』"
"たかし","『その…こないだは……ホントごめんな』"
"暁 莉乃(CH02_0380)","『…ふふ、もう謝らなくて大丈夫だって。ＬＩＭＥでももう大丈夫って言ったでしょ。気にしないで』"
"たかし","『あんがとな』"
"暁 莉乃(CH02_0381)","『ふふ…私こそありがとう』"
"？？？","『おい、そこの２人。何を立ち話しとるんだ』"
"暁 莉乃(CH02_0382)","『っ！？』"
"暁 莉乃（独白）(CH02_0383)","『その声が聞こえた瞬間、夢中から現実…よりも、ずっと酷いところまで引きずりおろされて…』"
"暁 莉乃（独白）(CH02_0384)","『一気に血の気が引く…。』"
"たかし","『…誰あいつ。……先生じゃねーよな？』"
"暁 莉乃（独白）(CH02_0385)","『なんで…こんなタイミングで…。よりによってタカ君といる時に……。』"
"たかし","『…リノ？？』"
"暁 莉乃(CH02_0386)","『…え、なんか…新任の用務員さんみたい。ほら、前のおじいさん、今体調悪いみたいで』"
"たかし","『そなの？』"
"主人公","『最終下校時刻の放送が聞こえなかったのか？』"
"たかし","『……いや、まあ…聞こえましたけど』"
"暁 莉乃","『………』"
"暁 莉乃（独白）(CH02_0387)","『前までの私なら、誤魔化しながらもきっぱり追い返すことが出来たはずなのに、今は何も言えない…。』"
"主人公","『用がないなら、戸締りと見回りをするから。ほら早く帰れ。他の部員はお前らに遠慮して先に帰ったぞ』"
"たかし","『…へーい、すいませんした。すぐ帰るんで』"
"暁 莉乃","『………』"
"暁 莉乃（独白）(CH02_0388)","『……すごく、腹立たしいし…』"
"たかし","『リノ、俺、先に学校出てるわ』"
"主人公","『ほら、帰った帰った』"
"暁 莉乃(CH02_0389)","『っ…私も急いで帰るようにします……』"
"暁 莉乃（独白）(CH02_0390)","『すごく、悔しい………。』"
"","―――――"
"","―――"
"暁 莉乃","『………』"
"主人公","『………』"
"暁 莉乃(CH02_0391)","『もう、なんでついてくるの？』"
"主人公","『おじさんもこっちに用があるんでね』"
"暁 莉乃(CH02_0392)","『だからって私についてこなくてもいいでしょ！』"
"主人公","『同じ方向だからって…莉乃ちゃんはちょっと自意識過剰になってるんじゃないかな？』"
"暁 莉乃","『……』"
"主人公","『それとも、おじさんの仕事に興味でもあるのかい？』"
"暁 莉乃(CH02_0393)","『あるわけないでしょ！』"
"主人公","『色々教えてあげたいのに、残念だなぁ』"
"暁 莉乃(CH02_0394)","『アンタに教えてもらうことなんかないから』"
"主人公","『そういえば、彼氏君。いくらおじさんが帰れと言ったからって、彼女の莉乃ちゃんを放って帰るのは薄情だなあ』"
"暁 莉乃(CH02_0395)","『タカく…あの人のことを悪く言わないで。構わないでよ』"
"主人公","『庇うほどの男かなあ？莉乃ちゃんに襲いかかる時以外はすごすご帰るような腰抜けだよ？』"
"暁 莉乃(CH02_0396)","『悪く言わないでって言ってるじゃない！それにそもそもアンタが追い払ったんじゃないの！』"
"主人公","『心外だなあ、追い払ってなんかいないよ』"
"暁 莉乃(CH02_0397)","『フン、嘘くさい。っていうかついてこないでってば。この先が更衣室なの、知ってるでしょ？』"
"主人公","『ん？もしかして、この前のことを思い出して期待して誘ってるのかな？』"
"主人公","『莉乃ちゃんは本当に貪欲でエッチな子だねえ』"
"暁 莉乃(CH02_0398)","『ふざけないでっ！！』"
"主人公","『ふざけてなんかいないよ。おじさんの手で、床をビチョビチョにしてあっさりイっちゃったのは誰かな？』"
"暁 莉乃(CH02_0399)","『…っ！！ほんっとアンタって最ッ低…！』"
"主人公","『あれから彼氏君にはさせてあげたのかな？仲直りしてるように見えたのはってことはそういう事？』"
"暁 莉乃(CH02_0400)","『うるさいってば！！』"
"主人公","『おじさんはあれから、莉乃ちゃんのナカの感触を思い出しながら……っと、更衣室か』"
"暁 莉乃(CH02_0401)","『これ以上本当についてこないで！！気持ち悪い！！』"
"","莉乃ちゃんはこちらを強く睨みつけた後に扉を開け、スッと中に滑り込んだ後…"
"","こちらにも風が来るほどの勢いでそれを閉めて、すぐさま鍵をかけた。"
"","―――――"
"","―――"
"暁 莉乃(CH02_0402)","『最低、最低、最低…！更衣室って分かってついてきて…。何を言っても全然聞いてないし』"
"暁 莉乃(CH02_0403)","『おまけにしつこいし…はぁっ、もうヤダ。タカ君と仲直りしてから初めて一緒に帰れるチャンスだったのに…』"
"暁 莉乃(CH02_0404)","『あっ…もう。誰なの？ここに体操リボン置いたまま…。使ったら用具入れに戻してって言ってるのに…』"
"暁 莉乃(CH02_0405)","『はぁ…もうやだ。早く帰ってシャワー浴びて……』"
"主人公","『莉乃ちゃん、何をそんなに時間かけてるんだ？もう下校時間なんだから早く支帰り度しなよ』"
"暁 莉乃(CH02_0406)","『っへ？！え、ちょっ…やだ！！なんで…っ？！』"
"主人公","『なんだ…遅いからてっきりオナニーでもおっ始めてるかと思ったが…』"
"暁 莉乃(CH02_0407)","『はぁっ？！っていうかホントなんで入ってきてんの！？鍵かけてあったでしょ！？？』"
"主人公","『おじさんは用務員だよ。マスターキーぐらい持ってるに決まってるじゃないか』"
"暁 莉乃(CH02_0408)","『っバッカじゃないの！！最低！キモいことしないでよ！着替え中に開けるなんて…この変態！！！』"
"主人公","『女の子なのに口が汚いのは良くないなあ。これは昔みたいにちゃんと躾けてやらんと…』"
"暁 莉乃(CH02_0409)","『はあっ？何が昔よ、こっち来ないでよ！！』"
"主人公","『……』"
"暁 莉乃(CH02_0410)","『な、何してるのよっ……』"
"主人公","『何って、躾を邪魔されないよう鍵をかけただけだよ』"
"暁 莉乃(CH02_0382)","『っ！？』"
"主人公","『どれどれ、おお…ちょうどいい物があるじゃないか。体操用具の置き忘れとは後輩の指導もなってないなあ』"
"暁 莉乃(CH02_0411)","『やだ、なにす…っきゃっ！！！』"
"暁 莉乃(CH02_0412)","『んっ…』"
"主人公","『莉乃ちゃんもなかなか力が強くなったなぁ』"
"暁 莉乃(CH02_0413)","『ほどいてよ！！』"
"主人公","『でも、そんなに抵抗してないように思えたのは気のせいかな？莉乃ちゃんはこういうのも好きなのかい？』"
"暁 莉乃(CH02_0414)","『ほどいてってば！！』"
"主人公","『…口汚い女の子は駄目だっておじさん言っただろう。言っても分からないなら…』"
"暁 莉乃(CH02_0415)","『っ……』"
"主人公","『そうかそうか。やっぱりこうすれば莉乃ちゃんは静かになるんだね。本当にいやらしい女だ』"
"暁 莉乃(CH02_0416)","『っ…ちが……っは……ぁ…』"
"主人公","『ははは。そんなにおじさんの大人チンポが恋しかったとは可哀想なことをしたねえ』"
"主人公","『どうやらこの様子じゃ彼氏と仲直りしてもこっちの進展は無かったようだね』"
"主人公","『好きなだけ匂いを嗅いでいいんだよ。手でされてる時も本当はコレが欲しかったんだろう？』"
"暁 莉乃(CH02_0417)","『っは…ぁ…はぁっ…ふー…はー……んくっ…』"
"主人公","『このサカりよう…。昔の肉欲三昧を思い出しちまったか』"
"暁 莉乃(CH02_0418)","『ち…違う、わよ…！』"
"主人公","『嫌なら普通は顔ぐらいは背けるだろう？』"
"主人公","『ほ～ら、お待ちかねのチンポだぞ』"
"暁 莉乃(CH02_0419)","『んっ…ぅ…っ…』"
"主人公","『ヤリマンにお似合いな蕩けた顔しやがって…』"
"暁 莉乃(CH02_0420)","『別に…ア、アンタの…汚い…モノ…なんか…』"
"主人公","『謝りもしなけりゃ感謝も出来ない、素直でもない。そんなメスには簡単にはくれてやれないなあ』"
"暁 莉乃(CH02_0421)","『だ、だから…欲しいなんて…お、思ってない…』"
"主人公","『口ばっかりで手のかかる女だ。…どれ、少しは素直になるようにしてやろうか』"
"","――――"
"","――"
"","―"
"暁 莉乃(CH02_0422)","『ちょ、ちょっと…、な、何するつもりよ……！』"
"主人公","『何って、まずはこのいやらしいオマンコに、チンポの味を思い出させてあげようねぇ…』"
"暁 莉乃(CH02_0423)","『あっ、ふあぁっ………、ちょっ…、いや…！やめなさいってば…！はぁっ…、あん…』"
"主人公","『いきなりメインディッシュは味気ないからねえ。ほら、昔みたいに一緒に楽しもうか』"
