﻿Character,Text
"","数時間後……"
"暁 莉乃(CH02_1083)","『あっあっ♡♡あーっ、あっ♡ひゅごひぃっ♡んあっあっ♡あ"あ"っあっ♡っお、んお"っ、ん"、あっ…♡』"
"たかし","『ちくしょーっ！ちくしょーっ！！』"
"暁 莉乃(CH02_1084)","『おじさんっ♡タカ君♡もっと、もっと激しくひて♡出ひて、両方の穴に全部ブチまけてぇっ♡』"
"主人公","『出して欲しかったら淫乱らしくもっと締め付けてごらんっ！』"
"暁 莉乃(CH02_1085)","『はひっ♡締め付けりゅ…ぁ、イク…またしゅごいのキひゃうぅ♡…イクっ♡イクっ♡♡出ひて、出ひてぇえっ♡♡』"
"暁 莉乃(CH02_1086)","『っぁあ"あ"あ～～～っ♡♡♡♡』"
"たかし","『くそっ…もう出ねえよっ…！！』"
"暁 莉乃(CH02_1087)","『はぁ…はぁ…はぁ♡♡はぁ、ぁ…はぁ…ぁあ…はー…はー…♡タカ…君、出ひてくれなかっひゃの…？』"
"たかし","『っく……』"
"主人公","『勢いは良かったんだが…どうやらタカシ君は弾切れのようだねえ』"
"暁 莉乃(CH02_1088)","『んもう…だらしないチンポ…。はぁ♡はぁ…♡♡私、やっぱり…おじさんがいい♡♡』"
"たかし","『く…っそ…ぉ……』"
"主人公","『最近の若いやつはどうも精子が薄くていかんなあ』"
"暁 莉乃(CH02_1089)","『ねぇ、おじさん…おじさんのザーメンまた頂戴♡♡はぁっ、はぁっ♡…膣にドクドクって伝わって、子宮が熱くなって…すっごく気持ちいいの♡』"
"主人公","『莉乃ちゃんもこう言ってることだし、今からちゃんとした種付けを見せてやるから、もう一度よぉく見とけよ？』"
"たかし","『もうっ…もうやめてくれ、頼む…！俺のリノが…リノがっ…』"
"","―――――――――"
"","――――"
"","―…"
"主人公","『おら！おらっ！アバズレオナホ便器の大好きな種付けだ！本気交尾だぞ！どうだっ！？』"
"暁 莉乃(CH02_1090)","『嬉しいぃ♡あっあっ♡♡おじさんのおチンポ、膣内[ナカ/2]でどんどんおっきく…♡精子がせり上がってきてるのわかる♡』"
"暁 莉乃(CH02_1091)","『あっああっ♡いいっ♡出して…♡タカ君にちゃんとした種付けを見せて、ばっちり教えてあげてぇ♡』"
"たかし","『リノ、リノぉ！！正気に戻ってくれ！…本当にもうやめてくれっ！頼む、頼むからぁっ…！』"
"暁 莉乃(CH02_1092)","『んあっ、あっ♡無理ぃ♡こんな気持ちいぃの…途中でやめらんないよぉ♡んぉ♡お"っ♡お"っ♡クる"ぅっ…♡♡』"
"主人公","『さあ、行くぞ、受精しろよ！』"
"暁 莉乃(CH02_1093)","『するぅ♡するから、おじさんの金玉空っぽになるまで濃厚ザーメン、全部私の中に注入してぇえ♡♡』"
"たかし","『やめっ…やめっ……っ…あぁぁ…っ…』"
"主人公","『おらっ！おらぁっ！大量に出すからなっ…！一滴もこぼすなよ！』"
"暁 莉乃(CH02_1094)","『うあっ…！あぁ！連続中出しされたら絶対孕むぅう♡♡イク♡また…もうわけわかんにゃぃ、イグ、イグぅ♡♡』"
"暁 莉乃(CH02_1095)","『イ"ッグぅうぅっ～～～～っっ！！！♡♡♡』"
