﻿Character,Text
"暁 莉乃(CH02_0969)","『んはー♡っは♡っは…♡んはっ♡はー…はー♡』"
"主人公","『おーい、莉乃ちゃん。大丈夫かい？』"
"暁 莉乃(CH02_0970)","『っはー♡っはー♡…んひっ♡…はひっ♡ら、らいじょう、ぶ…♡…はー、ぁはっ♡』"
"暁 莉乃(CH02_0971)","『はーっ♡はーっ♡まら思いっひり…イっひゃった…♡はぁ♡はぁ♡んは♡…ぁ…♡♡』"
"主人公","『痙攣して動きが一瞬止まったから心配したよ。莉乃ちゃんは日に日に絶頂の仕方がすごくなるねぇ…』"
"暁 莉乃(CH02_0972)","『はーはー♡らって、おじしゃんとすると…全身がヘンになっちゃうくらひ、気持ちいぃのぉ…♡♡はぁはぁ♡』"
"主人公","『そろそろ、ただのセックスには飽きてきたんじゃないか？新しくてもっと強い刺激が欲しくはないかい？』"
"暁 莉乃(CH02_0973)","『ふぅ、ふぅ…♡もっと…？もっと気持ちよくなれりゅの？欲しい♡ちょうらい♡はぁはぁ♡もっと気持ちよくなれるなら…どんなことでもしゅる♡♡♡』"
"主人公","『そう言うと思ったよ…。もっと興奮して感じられるドスケベセックスには、莉乃ちゃんの協力も必要だから…』"
"暁 莉乃(CH02_0974)","『ほへぇ…？』"
"","―――――――――――――――"
"","―――――――"
"","―――"
"","……"
"暁 莉乃(CH02_0975)","『ねえ、タカ君。今からちょっと…新体操部の更衣室について来てくれる？』"
"たかし","『おう、いいよ。でももう帰るんじゃねぇの？忘れものかなんかか？』"
"暁 莉乃(CH02_0976)","『別にそういうわけじゃないけど…来て欲しいの』"
"たかし","『いいけど、って…何かあるのか？』"
"暁 莉乃(CH02_0977)","『あのね…足の痛みも引いたって言ってたし……保健室の時より……もっと、２人の関係を進めたいの。だから、ついてきて…』"
"たかし","『っ！？』"
"","あれからは、部活が終わると合流して、そのまま一緒に帰ってたけど…。……今日…ついに…！"
"","リノの新体操部の更衣室前に着くと、これから起こるであろうことに期待と股間が膨らむ。"
"","男の俺が入れない、１度も足を踏み入れたことがない場所。"
"","…ここが今日、二人の特別な場所になるんだ…。"
"暁 莉乃(CH02_0978)","『早く、入って…』"
"","部長の莉乃が招き入れるということは、室内には他に誰もいないんだろう。"
"","…頼むからコトが終わるまで誰も来るなよ。"
"たかし","『なあ、リノ…途中で誰か…顧問とか部員とか…来るんじゃないのか？』"
"","期待の分、邪魔が入る不安で尋ねてしまった。"
"暁 莉乃(CH02_0979)","『大丈夫だよ。私が毎日最後まで居残りしてるんだから、いつ誰が来るか来ないかは知ってる。安心して』"
"たかし","『そ、そっか…』"
"","内心、よっしゃと思う。これで…本当にこれから２人きりで…この先に………"
"暁 莉乃(CH02_0980)","『あの…タカ君。これからちょっと大胆なコト、しちゃうかもしれないけど…その、引かないで欲しいの』"
"たかし","『えっ…あ…う、うん。お、俺、リノのする事なら大丈夫だからさ』"
"","やっべえ、すげー期待してる…。ついに…俺…、俺…。"
"暁 莉乃(CH02_0981)","『本当に驚かないでね…。私、…すっごく大好きだから…』"
"たかし","『お、おう…』"
"暁 莉乃(CH02_0982)","『ふふ、タカ君…ちょっとじっとして…』"
"たかし","『う、うん…。ゴク…』"
"暁 莉乃(CH02_0983)","『すぐ済むから……』"
"暁 莉乃(CH02_0984)","『…よい、しょ……』"
"たかし","『え、あ……え？……し、縛るの…？？マジで？』"
"暁 莉乃(CH02_0985)","『…あ、これ…やっぱり、驚かせちゃってる…？』"
"たかし","『あ、いや……だ、大丈夫…だと思う』"
"暁 莉乃(CH02_0986)","『こんな私…イヤ……かな…？』"
"たかし","『い、…いや、あの…リノが…こ、こういうの好きなら俺、リノのこと好きだし…う、受け入れるよ…』"
"暁 莉乃(CH02_0987)","『ふふ、嬉しい…。もうちょっと、待って…ね……？』"
"たかし","『お、おう…』"
"","やばい…こんなことされてるのに、俺すげー勃ってる…。リノとついに…ついに…。"
"","……ん？"
"","え…？"
"？？？","『莉乃ちゃん、足も縛らなくていいのかい？彼氏君…ショックで逃げ出しちゃうかもしれないよ？』"
"たかし","『……は？？』"
"","声のする方を振り返って……絶句した。"
"暁 莉乃(CH02_0988)","『えー。だっておじさん、逆にこうしとかないと…逃げないからこそ認めたってことにならないじゃない？』"
"たかし","『えっ…えっ…？？』"
"","…なんで用務員のおっさんが……。見回り…？いや、でも…リノの言ってることは……"
"主人公","『やあ、…えっとタカシ君だっけか？莉乃ちゃんの言うことに素直に従ってて、キミも偉いねぇ』"
"暁 莉乃(CH02_0989)","『それにぃ、タカ君ならどんな私でも受け入れてくれるってさっき言ってたもん、逃げないよ。大丈夫だよね？ふふ…』"
"たかし","『っリ…ノ…これは…一体………？』"
"","…どうなってんだ…？頭が混乱して、口がカラカラで…声がでない……。"
"暁 莉乃(CH02_0990)","『あのね…タカ君。怒らないで聞いて欲しいことがあるの。ずっと内緒にしてたこと…。言いにくいんだけど…』"
"","どういうことだ…どういう……っ…"
"暁 莉乃(CH02_0991)","『あのね、…私、ここ１ケ月ぐらい毎日…ずぅーっと、このおじさんとパコパコ生ハメセックスしてるの』"
"たかし","『は？…え…？？』"
"","リノ…え？…え？？…は？…何…言って………。"
"主人公","『ははは、いきなりでビックリしたかな？でもそんなに気を落とさないで。』"
"主人公","『１ケ月前…久しぶりに再会したときの莉乃ちゃんはキミのことを随分気にかけててねえ…』"
"主人公","『おじさんの誘いをずっと断っていたんだよ』"
"たかし","『………』"
"主人公","『ま、断ってただけで…しっかり頂いちゃったけどね。今ではあの頃みたいに仲良くさせてもらってるよ』"
"たかし","『あの…頃…？？』"
"主人公","『急にこんなこと言われても信じられないかもしれないけど莉乃ちゃんとおじさんはね…ずっと昔にヤりまくってた仲なんだよ』"
"たかし","『っ！？』"
"たかし","『ちょっ、そんな…？！…昔…から…だなんて』"
"暁 莉乃(CH02_0992)","『そう。もうずっと昔だよ。まだタカ君と付き合う前。…５年前にね』"
"主人公","『おじさんがまだ幼さの残る可愛い莉乃ちゃんを犯しちゃったんだ。まぁ最初は抵抗していたんだけど』"
"たかし","『えっ、えっ？…リノ……レ、レイプされ…そんなの…でも、でもっ…』"
"暁 莉乃(CH02_0993)","『うん、無理やり小さいおマンコにズボハメされちゃって、痛くて怖くて泣いちゃったけど……。でもね…どんどん』"
"主人公","『気持ちよくなっちゃったんだよねぇ？』"
"暁 莉乃(CH02_0994)","『うん。おじさんが、色んなコトを私に教えてくれて…エッチなコト…いっぱい仕込まれちゃって…』"
"たかし","『リ、リノ…っ…』"
"暁 莉乃(CH02_0995)","『私、自分からおじさんのおマンコ奴隷になってたの。肉便器っていうのかな…？でもすっごく気持ちよくて』"
"暁 莉乃(CH02_0996)","『ごめんね、タカ君。オマンコや口マンコだけじゃなくてアナル処女もおじさんに奪われちゃって…私、ケツ穴イキまで出来ちゃうの…』"
"主人公","『あの時は、莉乃ちゃんに男が出来るなんて考えてもいなかったからなぁ。いやあ、全穴の処女を奪ってしまって、悪かったねえ』"
"たかし","『っ…っ…リ…っ…』"
"暁 莉乃(CH02_0997)","『おじさんのぶーっといチンポがお尻の穴に出たり入ったりするなんて思ってもなかったし…気持ちよくなかったし』"
"暁 莉乃(CH02_0998)","『でも突然、背筋にすっごくゾクゾクが走って…アナルにチンポ入れられたまま思いっきり絶頂しちゃったんだ』"
"主人公","『あの時はすごかったなぁ…。過呼吸みたいになって…アヘ顔っていうのかな？目も白目をむきそうな下品な表情で何分もビクンビクンしていたねえ』"
"たかし","『うっ……嘘は、やめろぉおっ！！！』"
"暁 莉乃(CH02_0999)","『っ…？！』"
"主人公","『…あ？』"
"たかし","『さっきから、っ嘘ばっかり、嘘八百並べ立てやがって！俺のリノはそんなんじゃない、そんなことしてないっ！』"
"暁 莉乃(CH02_1000)","『…っ？…く、プ…ふふ、ァハハ…嘘だなんて…』"
"主人公","『ははは、信じられないのも無理はないけど…いやあ、これが嘘じゃないんだよなあ』"
"たかし","『嘘だ、嘘を言うな！リノに、俺のリノに…！！この前っ…はぁっはぁっ、この前だって…』"
"暁 莉乃(CH02_1001)","『この前…？』"
"主人公","『………』"
"たかし","『この前だってっ…保健室で…っ、俺のことっ…っ…フェ……かっ、看病してくれたじゃないかっ…』"
"暁 莉乃(CH02_1002)","『んー…フェラはしたけどぉ…でもその前、タカ君が怪我した時…私…おじさんと生ハメしてたんだよね』"
"たかし","『っ……！！』"
"主人公","『こらこら、莉乃ちゃん。流石にそれは教えてやったら可哀想だろう？』"
"暁 莉乃(CH02_1003)","『ごめんね。でも本当だし、フェラした時も…おじさんのチンポと比べて、タカ君のって…あまりに小さくて……』"
"たかし","『っな…！！』"
"暁 莉乃(CH02_1004)","『でも、タカ君のチンポもちゃんとおいしかったよ？』"
"暁 莉乃(CH02_1005)","『タカ君が寝ちゃった後、おじさんとのガチハメでちょっと印象薄いけどね…』"
"たかし","『そっ、そんな…！！あれ、俺の夢じゃ…』"
"暁 莉乃(CH02_1006)","『はぁ…ん…、タカ君の寝てる横でシたの…思い出したらムラムラしてきちゃった…おマンコ疼いてきちゃってる』"
"主人公","『信じられないタカシ君のために、そうさなぁ…何か見せて証明してあげようか？』"
"暁 莉乃(CH02_1007)","『んー…そうね、それ…いいかも…♡おじさん…来て。私を気持ちよくシて…？』"
"主人公","『ああ』"
"暁 莉乃(CH02_1008)","『んっ♡…あっ…んあんっ♡っぁ、っは…んぅ♡』"
"暁 莉乃(CH02_1009)","『はぁ…んっ♡…ぁ…ほらぁ、タカ君が触りたがってたおっぱい…見てぇ♡私…乳首すっごく敏感なのぉ…』"
"主人公","『どうだ？キミの彼女はすごい淫乱だろう？彼氏の前で他の男に愛撫されてヨガってるんだ』"
"","信じられない光景に…縛られていない足すら固まって１ミリも動けない…。見たくないのに見入ってしまう。"
"暁 莉乃(CH02_1010)","『はぁ、あんっ♡…おじさぁん、もっとぉ♡もっとエロ乳揉みしだいてぇ…♡』"
"主人公","『もう乳首がカチカチに勃起してるじゃないか…』"
"暁 莉乃(CH02_1011)","『はぁはぁ…だって、おじさんの指使い、やらしくて…気持ち…よすぎる…っからぁ♡あっ、はぁっ♡あん…』"
"たかし","『っ…っ…く…』"
"暁 莉乃(CH02_1012)","『あ…んあ…はぁ、はぁ…んあ…あんっ…はぁ…♡んんっ♡…ぁあんっ…っぉ…んあ♡』"
"暁 莉乃(CH02_1013)","『熱い…♡…ね、タカ君も汗かいちゃってるよね？ちょっと上…脱いじゃおう？』"
"たかし","『やめ…リノ、っ…』"
"主人公","『おや？タカシ君、泣きべそをかいてないか？』"
"暁 莉乃(CH02_1014)","『はぁ、ぁ…おじさん、タカ君はそこまで弱虫じゃないよ。あ、でもちょっと辛そうかも…んんぅ♡そこイイ…♡』"
"たかし","『リノ、悪い冗談…もうやめてくれよ…』"
"暁 莉乃(CH02_1015)","『小さいチンポ、勃起したら…慰めてあげるからね…♡はぁ、はぁ…今はそこで見ててぇ♡』"
"暁 莉乃(CH02_1016)","『あっ、んっ♡…は…ふぅ♡…ぁっ…あっ♡おじさん専用になってる割れ目、濡れてきちゃった…』"
"たかし","『リノ…本当に…っ…っ…』"
"暁 莉乃(CH02_1017)","『あれぇ、でもタカ君なんだかんだで…ふふっ…やっぱり勃起しちゃってるね』"
"主人公","『ん？おっ勃ててるのか？…ははは、あまりに控えめ過ぎて気が付かなかったよ』"
"暁 莉乃(CH02_1018)","『はぁはぁ♡おじさんと私の関係を知って…何シてたか想像して…ふふ、興奮しちゃったんだ♡…”変態”だね』"
"たかし","『っく…っぅ……っ…』"
"暁 莉乃(CH02_1019)","『こぉんなに小さいのに、それで完全に勃起してるの？保健室で見た時も思ったけど…ホント小さい』"
"主人公","『確かにそんな短小じゃ、ドスケベな莉乃ちゃんは到底満足させられないなぁ…』"
"暁 莉乃(CH02_1020)","『初めてフェラしてあげた時、タカくんは喜んでたけど…はぁ、ふぅ…♡私、小さいな、不安だなって思ってて…。でもそれは初めてだから緊張してるのかなって…』"
"主人公","『それでも莉乃ちゃんはチンポ中毒だからがっついていたねぇ…』"
"たかし","『み、見てたのかよ…っ…っ…』"
"暁 莉乃(CH02_1021)","『私がやっと興奮し始めた時に、すっごく早く射精しちゃって…ほんとガッカリしちゃった』"
"たかし","『リ…リノ…そんな…俺…リノのこと、大事にしたく…って…』"
"暁 莉乃(CH02_1022)","『大事とかそういうコトじゃなくて、ともかく小さくて全然ダメなの…。んあっ♡んっ♡おっぱいでイきそ…♡』"
"主人公","『さぁ、莉乃ちゃん。キミの短小彼氏君、声が震えている割にはギンギンだし…そのまんまも酷だろうから…』"
"主人公","『そうだな、足でシてあげたらどうだい？』"
"たかし","『…ぁ、足…？！』"
"暁 莉乃(CH02_1023)","『はぁい♡はぁはぁ…♡仕方ないなぁ。でもこんな状況でも全然萎えないから、そこはちょっと見直したかも。変態って意味で♡』"
"","―――――――――――――――"
"","―――――"
"","―――"
"","―"
"暁 莉乃(CH02_1024)","『んっ…っは…』"
"暁 莉乃(CH02_1025)","『やだっ…本当にちっさーい。なのに一人前に勃起して…熱くて…反り返ってぇ…♡』"
"暁 莉乃(CH02_1026)","『はーっはーっ♡…えい…えい…シコシコ♡…って…ふふ…あはは…カワイイ、このチンポ、んっ♡んっ♡』"
"主人公","『確かにコレは小さいねぇ。莉乃ちゃんのおマンコはおじさんのチンポで広がってるから、挿入したらガバガバじゃないかな？』"
"暁 莉乃(CH02_1027)","『ひどーい、おじさんのオチンポ型になちゃっただけだもん。…でもタカ君は童貞だから、それでもすぐ射精しちゃうよ』"
"暁 莉乃(CH02_1028)","『前の保健室で出した時みたいにすごく早く、ね？タカ君』"
"たかし","『うっ…あ……ぁっ…』"
"暁 莉乃(CH02_1029)","『はぁ、はぁ…♡まだっ硬くなってく…大きさは全然だけど硬さだけは褒められるかな。すごいよ、タカ君♡』"
"たかし","『っう、っうう…っ……っ…』"
"主人公","『莉乃ちゃんは足でチンポを喜ばせるのも上手なんだね。おじさんはそんなこと教えてないのになあ』"
"暁 莉乃(CH02_1030)","『ふふ、元からなのかも♡足なら小さいタカ君にぴったり合わせてあげられるし…。くすっ、よかった♡♡』"
"たかし","『っぁ…ぅ…あっ…あっ…っく…』"
"暁 莉乃(CH02_1031)","『やだっ、ガマン汁垂れてきてる…。やらしー…♡ふふ、もっともっと出させてあげるね♡♡っは、っは…』"
"たかし","『リ…ノ…やめ…っ、出…、っぁ…』"
"暁 莉乃(CH02_1032)","『ほらほら♡…どう？気持ちいい？カウパーローションの足マンコだよ？』"
"たかし","『ぁっ、で、っる…やめ…ぅあ…あっ、あっ…』"
"暁 莉乃(CH02_1033)","『んっもう、ほんと、変態～♡ビックビクして…んっ♡まさか、もうこんなので射精しちゃうの？ンフフ』"
"暁 莉乃(CH02_1034)","『でもまだ出しちゃダ～メ♡せっかくするんだもん。もっと楽しまなくちゃ。ね、タカ君♡♡』"
"たかし","『あ、っぁ…うっ、うぅ…』"
"暁 莉乃(CH02_1035)","『ずっと私とシたかったんでしょ？いっぱい我慢したら、素敵なご褒美…あげられるかもしれないよ…？』"
