﻿Character,Text
"暁 莉乃(CH02_0543)","『はぁ…はぁ…ぁ、はぁ…っ…ぁ…』"
"主人公","『気持ちよかったよ、莉乃ちゃん。思った以上に溜まってて大量に出ちまって…。ははは、悪いねえ』"
"暁 莉乃(CH02_0544)","『…はぁ、はぁ…はぁ…ぁ…はぁ…』"
"主人公","『どうしたんだい？また、合間合間に喘ぎ声を我慢して…。素直にチンポと精子に興奮して喘いでいいんだよ？』"
"暁 莉乃(CH02_0545)","『ち、違うの…。はぁ、はぁ、はぁ…ぁ…はぁ…っ』"
"主人公","『どうせまたチンポと精子のオスくさい匂いで股を濡らしておマンコが発情してるんだろう…？』"
"暁 莉乃(CH02_0546)","『っ…！違うって言ってるじゃない…！はぁ、はぁ…ちょっと息が上がっちゃっただけなの…。はぁ、はぁ…んはぁ…』"
"主人公","『どれ、おじさんが確認してあげようか？また前みたいにたっぷりよがらせてスッキリさせてあげてもいいよ？』"
"暁 莉乃(CH02_0547)","『はぁ、はぁ…ヌ、ヌいたんだから今日はもういいでしょ』"
"主人公","『もういい？…奉仕の心が足りないなぁ。そんなぶっきらぼうな態度じゃなくて、誠心誠意尽くすのが奉仕だろう？』"
"暁 莉乃(CH02_0548)","『…っはぁ…はぁ…っ…だから…！』"
"主人公","『…ヌけばいいって単純な事じゃないんだよ。こんなんじゃ彼氏君に話してしまうしかないかなぁ…』"
"暁 莉乃(CH02_0549)","『は、話が違うじゃない！！』"
"主人公","『そんなエロい体でメス顔を晒して…。ここで中断したら火照った体を持て余して歯止めが利かないだろう？』"
"主人公","『午後の部活で後輩に変に思われるんじゃないかな？』"
"暁 莉乃(CH02_0550)","『はー…ふー…こ、これくらい我慢できるし…』"
"主人公","『ははは、なるほど。我慢してるってことはまだまだ欲求不満で、パイズリだけじゃ足りないって認めるんだね？』"
"暁 莉乃(CH02_0551)","『っ…！』"
"主人公","『そんなに物欲しそうな目をして…。この様子じゃおじさんがわざわざ彼氏君や誰かに話さなくても』"
"主人公","『とんでもないビッチだって自分からバラしてアピールしてるようなもんだろう』"
"暁 莉乃(CH02_0552)","『そんなんじゃ、っ、ないってば……はぁ、はぁ…』"
"主人公","『煽られたらゾクゾクするっておじさんは知ってるんだ。なんせ、莉乃ちゃんとは昔からとても仲がいいからね』"
"暁 莉乃(CH02_0553)","『っ……』"
"主人公","『莉乃ちゃんを思って言ってるんだよ？もしバレたら、あの童貞君は幻滅して、他の女のところに行ってもおかしくない』"
"暁 莉乃(CH02_0554)","『……っ』"
"主人公","『否定できないなんて悲しいねえ。でもおじさんはまだまだ元気でハメてあげられるから莉乃ちゃんはラッキーだね』"
"暁 莉乃(CH02_0555)","『ラ、ラッキーなわけないじゃない！むしろサイアクよ…。シたくもないのに…アンタとなんて…！』"
"主人公","『ははは、今更じゃないか。それにそんな言い方をしていいのかな？莉乃ちゃんたちの仲を壊す事なんて、簡単にできるんだよ？』"
"暁 莉乃(CH02_0556)","『そ、それだけはやめてってば…！』"
"主人公","『だろう？一発ヤればお互いスッキリして終わり。彼氏ともいつもの調子で一緒に帰れる』"
"主人公","『それとも、今のだらしないスキモノの欲情した顔で会えるのかい？』"
"暁 莉乃","『………………』"
"暁 莉乃(CH02_0557)","『…っ、わ、わかった…。早く済ませてよ…』"
"主人公","『今日はそこまで口答えせずに大人しいねえ。おじさんとのセックスにまた味を占めちゃったのかな？』"
"暁 莉乃(CH02_0558)","『はぁ、はぁ…ち、違う…。アンタが脅すからじゃない…』"
"主人公","『脅すなんて人聞きの悪い。色好みな莉乃ちゃんのことだ、こうなって実は都合がいいんじゃないのかい？』"
"暁 莉乃","『はぁ、はぁ…っ…はぁ…はぁ…』"
"主人公","『自分でも発情しきって、もう歯止めが利かないことは分かってるんだろう？』"
"暁 莉乃(CH02_0559)","『……はぁ、んんっ…はぁ…、はぁ…』"
"主人公","『ああ。口答え出来ないんじゃなくて、図星で何も言えないってだけかぁ…』"
"暁 莉乃(CH02_0560)","『タ、タカくんのため…仕方なく…っはぁ、はぁ…それだけ…だってば…。はぁ、はぁ…』"
"主人公","『肌を紅潮させて、割れ目から愛液を垂らしまくって言っても説得力がないねぇ』"
"暁 莉乃(CH02_0561)","『はぁっ…はぁっ……い、言わないで…そういうこと…私だって好きでこんな体になってるんじゃないんだから』"
"主人公","『だから責任を取ってあげようっていってるんだよ。そうだ、脅しついでに昔みたいにねだってみようか？』"
"暁 莉乃(CH02_0562)","『…っ…く、……』"
"主人公","『自分の体も立場もよく分かってるんだろう？ほら、どうしたんだい？』"
"暁 莉乃(CH02_0563)","『…はーはー…っ、おじさんのチンポ、…はぁ、はぁ…莉乃に…挿入[い/2]れて……』"
"主人公","『はぁ…全く具体的じゃないし、心がこもってないなあ。ほら、昔はもっとちゃんとねだっていただろう？』"
"暁 莉乃(CH02_0564)","『っ…』"
"主人公","『それとも、非処女の淫乱女だって彼氏にバラされてゾクゾクする性癖にでも目覚めたのかな？』"
"暁 莉乃(CH02_0565)","『ちがっ……い、言うから…。っ…ふーふー…』"
"暁 莉乃(CH02_0566)","『ふー、はー……り、莉乃のおマンコに…おじさんのチンポを…い、…挿入[い/2]れて…ください…っ……』"
"主人公","『昔にあれだけ躾けてあげたんだ。もっと具体的に、スケベにねだれるよねえ？』"
"暁 莉乃(CH02_0567)","『はぁ、はぁ…くっ…っ…莉乃の…グショグショに濡れた…淫乱マンコに…おじさんの…硬い勃起チンポを……はぁはぁ…』"
"主人公","『チンポを、なんだい…？発情マンコで誘いながら最後までちゃんとねだらないとなあ』"
"暁 莉乃(CH02_0568)","『はーはー…莉乃の…グショグショに濡れた淫乱マンコに…おじさんの…硬い勃起チンポを…ね、根元まで…』"
"暁 莉乃(CH02_0569)","『挿入[い/2]れて…ハメ汁飛び散るほど…か、掻き回して…突き壊して…っ…欲しい、です…。…はぁ、はぁ…』"
"主人公","『よくできました、でも…少し惜しいなぁ。”奥まで一気に”が好きなんだろう？。こんな風にっ…』"
"暁 莉乃(CH02_0570)","『っん、ぁあああっ…！！！！』"
