﻿Character,Text
"暁 莉乃(CH02_0937)","『んあっ、あっ♡あ"っ！♡んっ！っあっ…ああっん、あぅっ！あっあっ♡…あぅ！んぉっ！！』"
"主人公","『狂ったみたいに腰を振りやがって…！』"
"暁 莉乃(CH02_0938)","『らって、気持ちっ…よしゅ、ぎっ♡んほっ！！お"っ、んぁっ！！チンポっ♡♡チンポっ！！』"
"主人公","『まるで昔みたいだなぁ…いや、昔よりずっとドすけべのビッチになちゃったねぇ』"
"暁 莉乃(CH02_0939)","『あっ、あ"っ！あっ♡当たる、奥♡…子宮口当たる！！いい、好き♡んあっ♡♡』"
"主人公","『受け答えも出来ない子にはもうチンポはやれないなあ』"
"暁 莉乃(CH02_0940)","『やだっ、認める、認めるからっ、あっ、おっ！んあっ、あっ！！ああっ♡♡っぁ！』"
"主人公","『ほら、言わないとやめちまうぞ？』"
"暁 莉乃(CH02_0941)","『私、ビッチなの。チンポ狂いのビッチなのぉ…♡はぁ、はぁっ、おじさんのチンポが好きなのぉ♡♡♡』"
"主人公","『昔もそう言っていたねえ。…やっと、戻ってきてくれて嬉しいよ』"
"暁 莉乃(CH02_0942)","『これからもいっぱいシて、私と交尾してっ♡あっ、はっ、相手して欲しいのぉっ…♡♡』"
"主人公","『さぁて、どうしようかなぁ…？』"
"暁 莉乃(CH02_0943)","『え…？な、何で…？…シ、シてよ…！シてぇ…』"
"主人公","『あんなに想ってくれる彼氏君がいるのに本当にいいのかな？』"
"暁 莉乃(CH02_0944)","『でも、おじさん…、はーっ…はーっ…お互いに…性欲を…んっ…解消する関係でいよう、って……』"
"主人公","『だけど、保健室で見た彼氏君のことをふっと思い出してねぇ…。あれは可哀想だったなぁ』"
"暁 莉乃(CH02_0945)","『わ、私はシたいの、おじさんとしたいの…！もっと突いて！…おチンポで抉ってよぉ、はぁっはぁっ』"
"主人公","『莉乃ちゃんは結局どっちが好きなのかなぁ？』"
"暁 莉乃(CH02_0946)","『そ、それは…勿論…はーっはーっ…』"
"主人公","『勿論…？』"
"暁 莉乃(CH02_0947)","『タ…タカく…彼氏の…ほう…が…』"
"暁 莉乃(CH02_0948)","『んぉ"っ♡…おっ…っほ…♡』"
"暁 莉乃(CH02_0949)","『も、もっとぉ…もっとそれ…シてぇ…♡♡しゅご…はぁはぁ、しゅごぃ…』"
"主人公","『もっとシて欲しければ、おじさん専用の便器にならないともうやる気はないなぁ…』"
"暁 莉乃(CH02_0950)","『そ、そんな…っぁ、ィヤ…お願い…今のズンって…奥を思いっきりするの、お願いぃ…はぁっはぁっ…♡』"
"主人公","『タカ君とやらがいくら好きでも、あいつはここまで出来るのかな？莉乃ちゃんを満足させてくれるのかな？』"
"暁 莉乃(CH02_0951)","『っあっ…ぅっ…うう…っ、んあっ…』"
"主人公","『ほら、どうなんだい？』"
"暁 莉乃(CH02_0952)","『で、でも…あんっ…はぁ、はぁ…私のことっ…すごく大事に思って…くれてる、し……、ぁうっ』"
"主人公","『へぇ…？』"
"暁 莉乃(CH02_0953)","『んあ"ぁ"！！そ、それぇ…♡これが欲しいのぉ！！♡♡♡』"
"主人公","『これがまだ欲しいんなら、おじさんの肉便器になれって言ってるだろう？』"
"暁 莉乃(CH02_0954)","『で、でもっ、んはっ…ぁっ♡…っぁ…ああっ…タカ君は私を思ってて…私も…はぁっ、あっ♡あっ…♡』"
"主人公","『そう言いながら自分から腰を振ってズルするのはっ…どうなんだ！！？』"
"暁 莉乃(CH02_0955)","『んひいっっ♡♡…ダメっ、コレ…ダメんなるっ…♡♡♡私、タカ君がしゅきなのっ、にっ…♡んはぁっ♡』"
"主人公","『彼氏君が好きなんて、他の男のチンポを根元まで咥えて何言ってんだよっ！』"
"暁 莉乃(CH02_0956)","『んあああっ♡ダメッ、狂う♡ほんっとダメ…あっあっ♡♡ダメなの…にっ……もう…』"
"主人公","『もう、なんだ？もうおじさん専用肉便器になるって？』"
"暁 莉乃(CH02_0957)","『ん"っぐぅう♡♡♡…なっ…なる…なりゅからぁ…♡♡っぁ、っは…はー♡…はー♡…気持ちい"ぃ…♡』"
"主人公","『何になるんだ？自分で言え、ほらっ！』"
"暁 莉乃(CH02_0958)","『ん"お"っ♡…っあ…♡む、昔みたいにっ…おじさんのっ♡生ハメ肉便器になるぅ♡…はぁっ、はぁっ♡♡』"
"主人公","『そうかそうか、でも昔程度じゃ今となっちゃもう物足りないなぁ…』"
"暁 莉乃(CH02_0959)","『はぁっはぁっ♡…そ、そんなぁ…やめないでぇ…。もっと…もっとそれ、シて欲しいよぉ…。焦らひゃないれぇ…』"
"主人公","『じゃあ、どうするんだ？』"
"暁 莉乃(CH02_0960)","『なんでもする！昔出来なかったことも言われるまま全部するから、お願い！早くチンポでイかせてぇ…！』"
"暁 莉乃(CH02_0961)","『イきたいの、もう、もう無理なのっ…。はぁ、はぁっ、おじさん専用のなんでもする肉便器になるからっ！』"
"主人公","『なるから…？』"
"暁 莉乃(CH02_0962)","『はぁっはぁっ♡おじさんの逞しいぶっといチンポで肉便器マンコ思いっきりイかせてくださぃいっ…！！♡♡』"
"主人公","『おいおい、そんなんで彼氏に対して申し訳なくないのか？ほら、こうして欲しいんだろ？』"
"暁 莉乃(CH02_0963)","『キたぁ♡…もうっ…♡いいの♡♡らって、このチンポじゃ、にゃいとっ…満足…っ出来なっ…あぅっ♡あっ♡あっ♡♡』"
"主人公","『じゃあしっかり彼氏に謝りながら、俺の肉便器宣言してイきやがれ！！』"
"暁 莉乃(CH02_0964)","『ぁ♡んほっ♡おっ♡…あ"っ♡こんにゃ、淫乱オナホ彼女れ…んあっ♡ごめんなひゃぃ♡んぉっ♡…ひぐっ♡♡』"
"主人公","『ハメ汁噴きながら彼氏に謝って…そんなに気持ちいいのか、卑しいメス豚が！！もっと謝れ！』"
"暁 莉乃(CH02_0965)","『あ"ひっ♡もうっ♡はぁっ、はぁ♡タカ君の粗チンじゃ満足っ出来にゃぃのっ♡♡お"っお"っ♡♡…おじさんの極太肉棒じゃなきゃっ…♡』"
"暁 莉乃(CH02_0966)","『おマンコが満足しないのぉ♡ああっイクっ♡イクイク…ひゅごいのクるぅう♡♡…淫乱ビッチの莉乃をっ…許ひへぇえっ…♡♡♡』"
"暁 莉乃(CH02_0967)","『んあ"っ♡♡♡イギュ♡おじさん専用オナホマンコに♡♡チンポ咥えて……』"
"暁 莉乃(CH02_0968)","『イ"っ…ぐぅううっっ！！！♡♡♡♡』"
