﻿Character,Text
"暁 莉乃(CH02_0571)","『はー…はー…っ、はー…、あっ…はー…はー…っ、んっ……はー…、ぁ…はぁ……はぁ…』"
"主人公","『ド派手にイク女だなぁ…。躾けた時点で頭打ちかと思ったら、まだまだドスケベになっていくねえ』"
"暁 莉乃(CH02_0572)","『はぁ…はぁ…ん…はぁ…はー……はぁー…ふぅ…はー…はー…』"
"暁 莉乃（独白）(CH02_0573)","『何もわからない…。気持ちよすぎて…感じ過ぎて…言われてることに…頭が追いついてない……。』"
"主人公","『脅されてるのを盾にして、莉乃ちゃんも存分に楽しんでるじゃないか』"
"暁 莉乃(CH02_0574)","『はー…はー…っ、はー…、はー…はー…っ、はー…、ぁ…はぁ…はぁ…』"
"暁 莉乃（独白）(CH02_0575)","『…私…楽しんでる…の…？タカ君とじゃなくて…こんな奴と……？』"
"主人公","『ぐうの音もでないか。ははは…しかし、こんな体でよく今までまともに学生生活を送ってこれたなぁ』"
"暁 莉乃(CH02_0576)","『はぁ…はぁ…ん…はぁ…はー……はぁー…ふぅ…はー…はー…タカ君がいる…っから…っ…』"
"暁 莉乃（独白）(CH02_0577)","『…やっと、言えたのが…これだけ……なんて…。……でも…こんなんじゃ…否定できない…。』"
"主人公","『心がけ”だけ”が立派で、体が伴ってないねえ。それともタカ君はオナニーのオカズって意味かな？』"
"暁 莉乃(CH02_0578)","『…はぁ…はぁ…っ………はぁ…はぁ…』"
"暁 莉乃（独白）(CH02_0579)","『まだ、中が…ヒクついてて…熱くて…気持ちいい……。悔しいけど……どこかすごく冷静になってきてる…。』"
"主人公","『実際はこうやって、おじさんのチンポを昔同様に貪って鎮めているんだもんなあ』"
"暁 莉乃(CH02_0580)","『…ふぅ、はぁ……はぁ……はぁ…………』"
"暁 莉乃（独白）(CH02_0581)","『でも…別に…こいつが好きなわけじゃない……。堕ちてなんか…いない…。だから…今は……』"
"暁 莉乃（独白）(CH02_0582)","『こいつに…言わせたいだけ…そう、言わせるだけ言わせておけば…バラされないで…バレないで済む…。』"
"主人公","『おじさんが莉乃ちゃんのとんでもない性欲を抑えてあげてるんだ。それはわかったかな…？』"
"暁 莉乃(CH02_0583)","『…はぁ…はぁ…っ……はぁ…はぁ…はぁ…』"
"主人公","『また”暗黙の了解”かな？そんな体にした責任は取ってあげるから、抑えられなくなったらいつでも歓迎するよ？』"
"暁 莉乃(CH02_0584)","『…ふぅ、はぁ……はぁ……はぁ……ふー…はぁ…はー…はー……』"
"暁 莉乃（独白）(CH02_0585)","『タカくん、ゴメン…。でも今は…今だけは…本当に…こうするしかないの……。』"
