﻿Character,Text
"暁 莉乃(CH02_0922)","『っふー…っ…んっ…っふー…っ…っふー……ふぅー…っー…ぁ…っー…』"
"田中 心々愛(CH04_0073)","『あ、今カレシがＬＩＭＥで謝ってきました！やっと反省したか。って、今からでもデートしようって！調子よすぎじゃね？』"
"暁 莉乃(CH02_0923)","『はぁっー…っ…ぁっ…ふー…っ…よ、よかったじゃない…。っふー…っ、い、行ってきたら…？はぁー…』"
"田中 心々愛(CH04_0074)","『まあ、反省してるし？…あんな話してたらウチもムラってきたんで、普通デートやめてヤってきますーｗ』"
"田中 心々愛(CH04_0075)","『なんかスンマセン、ウチが帰ろって誘ったのに。じゃあ、行ってきますね！先輩、愚痴聞いてくれてホントあざーっした！！』"
"","―――――――"
"","―――――"
"","―――"
"","――"
"","―"
"暁 莉乃(CH02_0924)","『っはー！っはぁ、はぁっはぁっ、…はぁっ…っぁ…はぁ、っはー、っはー…はぁー…』"
"主人公","『危なかったねぇ…』"
"暁 莉乃(CH02_0925)","『や、ヤバい…ココアに見られるかと思ったら…すっごく…っ興奮、して…っ…感じすぎて…』"
"主人公","『まだ脚もおマンコもビクついて…ずっとイキっぱなしなのかな？』"
"暁 莉乃(CH02_0926)","『だ、だって…はぁー…はぁー…力入んない…もう…無理ぃ……はぁ、はぁ…♡♡』"
"主人公","『それでもいやらしいマン汁がどんどん溢れてきてチンポを欲しそうにしているよ？』"
"暁 莉乃(CH02_0927)","『バレちゃ…ダメって思ったら…勝手に…私……。はぁ、はぁ…ねぇ、まだ…シて…。はぁはぁ…』"
"主人公","『でも今日は４発もヌいてるし…おじさんも疲れたしなぁ…』"
"暁 莉乃(CH02_0928)","『そんな…私…まだシたいのぉ…。もっと思いっきりヨガりたい…。はぁ、ふぅ…ぁ♡…はぁ…はぁ…♡』"
"主人公","『何がしたいんだい？ちゃんと言えないような子の相手はしたくないなあ』"
"暁 莉乃(CH02_0929)","『…エ、エッチしたいのぉ…もっと…エッチ、シたいの…。いっぱい…してぇ…♡♡』"
"主人公","『エッチ？莉乃ちゃんがしたいのはそんな甘い言い方のモンじゃないだろう？』"
"暁 莉乃(CH02_0930)","『…はぁ、はぁ♡っ…セックス…、ううん…こ、交尾したい…。おじさんと交尾したいの……』"
"主人公","『さっきも言ったけど、おじさんはもう疲れたし動きたくないんだけどなぁ』"
"暁 莉乃(CH02_0931)","『わ、私が…私から動く。ズボズボするからぁ…。私が上になるから…お願い、エッチ……じゃなくて…交尾してぇ…♡』"
"主人公","『本当にいやらしいメスだ…。そんなにチンポを求められたら仕方ないなぁ』"
"主人公","『じゃあ、おじさんに跨っていやらしくおねだりしてごらん』"
"暁 莉乃(CH02_0932)","『はー、はー♡…私と、生ハメ交尾して、ください…♡私がチンポに跨ってドスケベ淫乱マンコで咥えるからズボハメさせてください…』"
"主人公","『また息が荒くなって、発情してるねえ』"
"暁 莉乃(CH02_0933)","『だってシたいんだもん。ハメたいのぉ…♡思いっきり腰を振って気持ちよくするから…はー♡はー♡♡…交尾穴におチンポ頂戴…♡』"
"主人公","『ちゃんとおねだりできていい子だ。挿入していいぞ。好きにハメ穴でチンポを貪ってごらん』"
"暁 莉乃(CH02_0934)","『はぁー、はぁー…、じゃあ、挿れるね…♡はぁ…ぁ…』"
"暁 莉乃(CH02_0935)","『あひぃぃぃーーっっ！！』"
"主人公","『ははは、挿入だけでイッたか…』"
"暁 莉乃(CH02_0936)","『はぁっ……、あっ…、チッ……、チンッ、ッポ……、しゅごっ……、しゅご、いぃぃ……』"
