﻿Character,Text
"暁 莉乃(CH02_0424)","『はー…っはー…っん…っはー…っぁ…はー…』"
"暁 莉乃（独白）(CH02_0425)","『もどかしいのに……こんなので、またこいつの手で…イっちゃった……。』"
"主人公","『大して暴れもしないし、縛る必要もなかったかな』"
"暁 莉乃(CH02_0426)","『はー…っん、はー…っはー…っ…っはー…』"
"暁 莉乃（独白）(CH02_0427)","『…こんなつもりじゃないのに…。』"
"主人公","『気持ちよさそうにしやがって。本当に淫乱女だな。面白いほど思った通りだ』"
"暁 莉乃(CH02_0428)","『…ふー、ふー…ん、はぁ…っぁ…はー…っはー…』"
"暁 莉乃（独白）(CH02_0429)","『腹立つ…。こいつも…感じてる私も……。』"
"主人公","『あんな前戯程度で気をやるほど、飢えた女にした責任はちゃんと取ってあげるよ』"
"暁 莉乃(CH02_0430)","『な、なによ、責任って、そっちだってイったくせに…！』"
"暁 莉乃（独白）(CH02_0431)","『悔しい…悔しい…我慢したのに……。なんで私はこいつに弱いんだろう…。好意なんて微塵もないのに。』"
"主人公","『イったくせに…か。それはイかなかった子が言える言葉なんじゃないのかな？あーあ…リボンもドロドロに汚れて…このままじゃしまえないねぇ』"
"暁 莉乃(CH02_0432)","『はぁ…はぁ…っ……』"
"主人公","『言い返す言葉もないなら、最初から素直に俺の生チンポが欲しくてたまらないって言えばいいのに…』"
"暁 莉乃(CH02_0433)","『はぁ、っはぁ…っ…そんなんじゃない…って……んっ…はぁ…はぁ…言ってる、じゃない…』"
"主人公","『おじさんもそこまで意地が悪いわけじゃない。問答はここまでにして…』"
"暁 莉乃(CH02_0434)","『はあ…はぁ…』"
"主人公","『まだ呼吸を荒くして、物足りなさそうにしているんだ。…無理もないか』"
"暁 莉乃（独白）(CH02_0435)","『このままじゃ…ろくなことにならない。…逃げなきゃ。でも…これじゃ動けない…。』"
"主人公","『５年間もお預けにしてきたチンポが欲しいんだろう？それともこれまでに俺以外のモノでも咥えたかな？』"
"暁 莉乃(CH02_0436)","『そんなワケないじゃない…！それにアンタのなんか、ほ…欲しくなんかないわよ…。はぁ、はぁ…』"
"暁 莉乃（独白）(CH02_0437)","『結び目が固い……。ほどけない…どうしよう…。逃げたい。早くこいつの前から…じゃないと…』"
"主人公","『寂しい思いをさせた分、淫乱マンコにたっぷり大好きな味を味わわせてあげよう』"
"暁 莉乃(CH02_0438)","『はぁ…はぁっ…ダメ…それだけは絶対…ダメだから…』"
"暁 莉乃（独白）(CH02_0439)","『い、挿入[い/2]れられちゃったら…タカ君に………ううん、何よりその前に…』"
"主人公","『また期待した顔をして…よくこれまで我慢したもんだ。あれだけチンポの味を覚えた女[メス/1]だもんな』"
"主人公","『女のつたないオナニーと、生の雄チンポで突きあげられるのはまったくの別モンだろう？』"
"暁 莉乃（独白）(CH02_0440)","『その前に…私、またダメになっちゃう…。戻れなくなっちゃう…。』"
"主人公","『しかし、そうさなぁ…手マンだけでなく、生ハメまで彼氏君より先にしちゃって悪いなぁ、ははは』"
"暁 莉乃(CH02_0441)","『やっやだっ…！！っは、っはっ…本当にやめて…！！』"
"暁 莉乃（独白）(CH02_0442)","『せっかく…せっかく離れられて…普通に、好きな人とこれから幸せにやっていくつもりだったのに…』"
"暁 莉乃(CH02_0443)","『お願い、本当に…っはぁ、っはぁ…ダ、ダメなのっ…！』"
"主人公","『そんな切なそうに言われると、何時間でもずっぽり根元までハメてガンガン突いてやりたくなるなあ…』"
"暁 莉乃（独白）(CH02_0444)","『それをされたら…戻れない…！もうコイツのチンポなんて忘れてたのに…。』"
"主人公","『じゃあ、おじさんもついでに楽しませてもらうとするか』"
"","――――"
"","――"
"","―"
"暁 莉乃(CH02_0445)","『いやっ、本当にっ…ダメ…っ、んあっ…っは…』"
"主人公","『何が”ダメ”だ。またこんなに溢れさせて、喘いで…。聞こえるだろう？いやらしい音が響いてるぞ、ほれ…』"
"暁 莉乃(CH02_0446)","『んっ、ああっ！！！』"
"主人公","『ほぅら、パンパンの亀頭をもう飲み込んだ。吸い付くみたいにずっぽりと…』"
"暁 莉乃（独白）(CH02_0447)","『ダメ…今ので、これだけで飛んじゃいそうになってる…。たったこれだけで…イ、イキかけるなんて…』"
"主人公","『腰を動かさなくても、欲しがりマンコが吸い付いて飲み込もうとしてるのがわかるかい？』"
"暁 莉乃(CH02_0448)","『イヤよ、お願い、抜いてっ…！』"
"主人公","『ああ…莉乃ちゃんのおマンコのヒダ…ずっとハメっぱなしだったみたいにウネウネ動いて』"
"主人公","『生チンポに大喜びして、ピストンされるのを期待してるねぇ…。ああ、気持ちいい…』"
"暁 莉乃(CH02_0449)","『いやっ！それ以上入れないっ…っで…』"
"暁 莉乃(CH02_0450)","『んっ…ぁっ…ぁあっ…！』"
"主人公","『生意気言っても、彼氏だなんだいっても…俺のチンポで感じてるのは隠せないんだよ』"
"暁 莉乃（独白）(CH02_0451)","『熱い…。中から…全身に一気に熱が広がるみたいに…ダメ…気持ちいい…。ダメ…ダメだって…』"
"暁 莉乃(CH02_0452)","『っふー…っふー…っ…ふー…』"
"主人公","『堪えても体に毒だよ？せっかく、久しぶりに莉乃ちゃんの大好きなおじさんチンポなんだ』"
"暁 莉乃(CH02_0453)","『うるさ…っ…いっ………』"
"主人公","『こんなに洪水みたいになって…。毎日生ハメしてた時もここまでマン汁が溢れるなんてなかったんじゃないか？』"
"暁 莉乃(CH02_0454)","『はぁっ、ぁ…ん、ぅ…っく…』"
"暁 莉乃（独白）(CH02_0455)","『が、我慢しなきゃ…。絶対…こんなの…絶対に…許されないんだから…』"
"主人公","『彼氏君もこんなトロトロマンコに童貞チンポを突っ込みたくて仕方ないだろうねえ』"
"暁 莉乃(CH02_0456)","『あの人のっ…話、は…しないっ…っで……！はーっはーっ…っく…』"
"暁 莉乃（独白）(CH02_0457)","『タカ君を…これ以上、タカ君を裏切りたく…ない。疼いて仕方ないあの頃に戻るなんて……絶対にイヤ…』"
"主人公","『え？なんだって…？よく聞こえないなあ』"
"暁 莉乃(CH02_0458)","『し、ないでってば…！はぁはぁ…』"
"主人公","『ここまできて、しないわけないだろう。それにおじさんのチンポにねっとり絡まってるよ』"
"暁 莉乃(CH02_0459)","『ダメっ…だって…！ぁっ…っふ……ぁっ、あっ…はっ、あっ…んっ…んぁっ…』"
"主人公","『おじさんのチンポの形を覚えてるのか、ぐじゅぐじゅのスケベなマン肉がへばりつくねぇ』"
"暁 莉乃（独白）(CH02_0460)","『今までの態度で怒ってるなら…謝れば……今からでも…やめてくれるかも…しれない。謝りたくなんかない、けど…』"
"暁 莉乃（独白）(CH02_0461)","『これ以上挿入されるぐらいなら…今の、普通の幸せに戻れなくなるぐらいなら…言葉なんかいくらでも…』"
"暁 莉乃(CH02_0462)","『や、なの…イヤ…んひっ…あっう…っは、っは……あ、謝る…っ…っ謝る、から…。んあっ…』"
"主人公","『そうかそうか…まぁ、何を言っても今からおじさんが子宮まで一気に犯しちゃうんだけどねえ』"
"暁 莉乃（独白）(CH02_0463)","『嘘…何いって…』"
"暁 莉乃(CH02_0464)","『ぇっ、やっ……』"
"主人公","『そらっ…』"
"暁 莉乃(CH02_0465)","『っっあああっーーー！！！！』"
"暁 莉乃(CH02_0466)","『っぁ…っぁ……』"
"主人公","『ああ…おじさんチンポを咥え慣れた莉乃ちゃんのおマンコは、やっぱりよぉく馴染むねぇ…』"
"暁 莉乃(CH02_0467)","『ぁっ…ぁ……ぁ……』"
"主人公","『膣全体が痙攣して……挿入だけでイっちまったか。痛いぐらい締め付けて…』"
"暁 莉乃(CH02_0468)","『んあっ…ひっ…っ…ぅ…』"
"主人公","『ごちゃごちゃ生意気言ったりこざかしく喋るより、淫楽で声も出ない莉乃ちゃんが可愛いなぁ』"
"暁 莉乃(CH02_0469)","『っ、っ…ぁっ、…あぁ…』"
"主人公","『昔から変わらないふしだらな体の莉乃ちゃんが、おじさんは大好きだよ』"
"暁 莉乃(CH02_0470)","『っぁ…っ…ぅ、っ…』"
"主人公","『ほら、いつまでイキっぱなしでヘタレこんでんだ。これからが本番だろ、起き上がれ』"
"","小刻みに締め付けてくるメスマンコを愉悦と共に味わいながら、縛り上げていたリボン紐を乱雑に解く。"
"","この女[メス/1]はこれである程度満足かもしれないが、俺はまだまだ物足りない。"
"","きっちりと犯し潰してやるために、快感で震えている体に手を回し、抱き起した。"
