﻿Character,Text
"暁 莉乃(CH02_0471)","『っはー…っ……んっ…っはー……っはー……』"
"暁 莉乃（独白）(CH02_0472)","『頭が…回らない…体がジンジンする…。』"
"暁 莉乃(CH02_0473)","『っん、ぁ…はー…ん、はー……はーっ……』"
"暁 莉乃（独白）(CH02_0474)","『体も…うまく、動かない…まだ奥が…熱い。私また…こいつにヤられちゃったんだ………。』"
"暁 莉乃(CH02_0475)","『……っ、っく…ひっく…っ…っく…は、…ぅっ…うぅっ…っく……ふ…、っは……うっ…』"
"暁 莉乃（独白）(CH02_0476)","『タカ君…ごめんなさい…。私………もうこんなんじゃないはずなのに…。あの頃とは違うはずなのに…。』"
"暁 莉乃(CH02_0477)","『っううっ、っく…ひっ…っく、はふ…っく…ぅあ…っく…ひっく……ぅ…っく………』"
"暁 莉乃（独白）(CH02_0478)","『レイプ…って言いきれない…。私、気持ちよくなってた…。タカ君のじゃない男のモノで……。こんなことはもう…二度とない、はず…なのに。』"
"暁 莉乃(CH02_0479)","『ひっく……ひっく…はぁ、…っく…うう…はぁ…ひくっ…うっく………』"
"主人公","『あーあー…散々、喘いでよがって…メスイキまでしたくせに、今さら被害者面で泣き出すとはねえ…』"
"暁 莉乃(CH02_0480)","『ひっく……ひっく…はぁ、…っく…はぁ…っく…ひくっ…ぅくっ………ひっく…』"
"暁 莉乃（独白）(CH02_0481)","『私、変われてない…、淫らな女なんだ…。こんな最低男に…道具みたいに…いいように使われて……。』"
"主人公","『怒鳴りつけていた勢いはどこへ行ったんだろうねぇ。思い出すのも恥ずかしくなったかな』"
"暁 莉乃（独白）(CH02_0482)","『私、変われるはずだって、ずっと強く頑張ってきたのに。やっぱり…普通には…戻れないなんて…………。』"
"主人公","『でも莉乃ちゃんも存分楽しんだだろう？これではっきりもう分かったんじゃないかな…？』"
"暁 莉乃(CH02_0483)","『…ひ…っく…っ……わ、かる…？…』"
"主人公","『莉乃ちゃん…いや、お前は俺のものなんだよ。彼氏が出来ようが、どうあろうが、俺のメスなんだ』"
"暁 莉乃(CH02_0484)","『…っ……っ…』"
"暁 莉乃（独白）(CH02_0485)","『…そう…なの…？………ううん、違う……！私はタカ君が好き…。それだけははっきりしてる…。』"
"主人公","『ん？なんだ…？じっと睨んで…。まだハメ足りないのかな？』"
"暁 莉乃(CH02_0486)","『はー…っ、はー…』"
"暁 莉乃（独白）(CH02_0487)","『悔しいし、タカ君に合わせる顔もないけど……でも…しっかりしなくちゃ…！また言いなりになっちゃう！！』"
"暁 莉乃(CH02_0488)","『違う…』"
"主人公","『違う…？』"
"暁 莉乃(CH02_0489)","『っ、…か、体は…アンタに、こんな風にされたけど…気持ちはずっとタカ君を想ってる……』"
"暁 莉乃(CH02_0490)","『タカ君はアンタみたいに、ヤりたいからって最後まで無理やりしてくる人じゃないし…』"
"主人公","『………』"
"暁 莉乃(CH02_0491)","『アンタなんか怖くないんだから…。私にはタカ君がいる。私のことを思ってくれる大事な人がいるから怖くない』"
"暁 莉乃(CH02_0492)","『っ…アンタなんか……アンタなんかイかせただけで私を丸ごと支配した気になって…』"
"暁 莉乃(CH02_0493)","『アンタこそ昔から何一つ変わってないじゃない！』"
"主人公","『はあ…。欲求不満が解消されてスッキリしたら、くだらない恋愛ごっこ話か。おじさん、がっかりだよ』"
"暁 莉乃(CH02_0494)","『はぁ…はぁ……』"
"主人公","『莉乃ちゃんはもう少し賢い子だと思ったんだけどなあ。どれだけ根深いことかまだ分かっていないみたいだ』"
"暁 莉乃(CH02_0495)","『いくら根深くても私は絶対屈しない。変わりもしなければ変わろうともしてない人になんて絶対に…！』"
"主人公","『その負け惜しみがいつまで続くか、おじさんが見届けてあげるよ。莉乃ちゃんはお気に入りだからね』"
"暁 莉乃(CH02_0496)","『くっ…』"
"主人公","『さて、そろそろ仕事に戻るか。ここも片付けておいてあげるよ。掃除道具でも取ってこよう』"
