﻿Character,Text
"暁 莉乃(CH02_0855)","『はぁ、はぁ…こんなに出しても…ど、どうせシたりないんでしょ…？』"
"主人公","『お、最近の莉乃ちゃんは本当に話が早いなあ』"
"暁 莉乃(CH02_0856)","『ア、アンタがフェラだけで満足するわけないじゃない…。それに…タカ君を起こしたくないだけ…』"
"主人公","『ま、そういうことにしておいてあげようかな』"
"暁 莉乃(CH02_0857)","『……場所、部室に変えましょ。ね…？』"
"主人公","『ははは、彼氏君の前でやるのが楽しくて興奮するんじゃないか。そのためにわざわざ来たんだよ？』"
"暁 莉乃(CH02_0858)","『なっ…何言ってるのよ？！流石にそんなこと出来るわけないでしょ…！！』"
"主人公","『口答えしてないで、ほら、隣のベッドにおいで』"
"暁 莉乃(CH02_0859)","『何考えてるのよ…！流石に無理！嫌！やめてよ！！』"
"たかし","『ん…』"
"主人公","『ほら、あんまり大声で騒ぐと彼氏君が起きちゃうよ？』"
"暁 莉乃(CH02_0860)","『っ…！！』"
"主人公","『そうだなあ。そこまで嫌がるなら…彼氏君に免じてアナルで勘弁してあげようか』"
"暁 莉乃(CH02_0861)","『はぁっ？アナルもなにも…っ、だから、こんなとこでするわけないじゃないっ…！』"
"主人公","『そうかそうか。何が何でも嫌って言うなら…』"
"主人公","『これまで莉乃ちゃんが何をしてきたか、教えてあげても構わないんだけどなぁ…』"
"暁 莉乃(CH02_0862)","『ちょ、ちょっと…それはっ……』"
"主人公","『今日だって、彼氏君が部活でケガしてる最中もおじさんと夢中でセックスしてただろ？』"
"主人公","『あのフェラは罪悪感からしてあげたのかな…？』"
"暁 莉乃(CH02_0863)","『ち、違うわよ…そんなんじゃない…。タカくんにシてあげたいからシたの』"
"主人公","『だったら、そんなに思ってる相手が本当のことを知って傷つくのは莉乃ちゃんも嫌なんじゃないかな？』"
"暁 莉乃(CH02_0864)","『でもこんなところでなんて…。部室でならいくらでも相手してあげるから…お願い…！』"
"主人公","『いくらでもね…。じゃあ今から彼氏君が帰っても、朝までずっとおじさんの相手をしてくれるってことかい？』"
"暁 莉乃(CH02_0865)","『そ、それは…！』"
"主人公","『足を怪我してるんだろう？ゴタゴタ言わずにさっさと済ませて、莉乃ちゃんが一緒に帰ってあげるべきじゃないかなぁ…？』"
"暁 莉乃","『…………』"
"暁 莉乃(CH02_0866)","『で、でも、ここで…アナルだなんて……』"
"主人公","『ああもう、ぐだぐだ面倒くさいな。彼氏の前でマンコを使わないだけありがたいと思え！』"
"暁 莉乃(CH02_0867)","『やっ…！！』"
"暁 莉乃(CH02_0868)","『んっ、っぁ…こんな……！…は、離してよ…！』"
"主人公","『どのみち、このまま収まるはずがないことぐらい、莉乃ちゃんもわかるだろう？』"
"暁 莉乃(CH02_0869)","『ゴクッ…』"
"暁 莉乃（独白）(CH02_0870)","『今日…何回も出してるのに…まだこんなに硬く…おっきくなってる…』"
"暁 莉乃(CH02_0871)","『っぁ…は…はぁ…んっ…はぁ、はぁ…っ…』"
"暁 莉乃（独白）(CH02_0872)","『タカ君は１回で精一杯だったのに……』"
"主人公","『おじさんがいない間、ケツ穴も自分で弄り回してたんだろう？』"
"主人公","『ははは、亀頭を押し当てただけでアナルのヒクつきが尋常じゃないねえ』"
"暁 莉乃(CH02_0873)","『こ、擦らないでっ…あっ…んっ…』"
"主人公","『久々のケツ穴だからな。あんまり声を出すと、彼氏君を起こすことになるから気を付けないとダメだよ？』"
"暁 莉乃(CH02_0874)","『っ…はぁ、はぁ…お、起きちゃう前に…終わらせて……早く…！』"
"主人公","『挿入[い/2]れてください、だろ？！』"
"暁 莉乃(CH02_0875)","『っは、っは……い…挿入[い/2]れて……くださ、い…』"
"主人公","『どこに何をか、ちゃんと彼氏君の顔を見ながら言ったらハメてやるよ』"
"暁 莉乃(CH02_0876)","『っぅう……っ、ア、アナルに……っ…チ…チンポを………い、挿入[い/2]れて…くださ、いぃ……』"
"主人公","『んん？そんなんじゃ挿入できないなぁ…。昔はもっと上手におねだり出来たぞ？』"
"暁 莉乃(CH02_0877)","『お願い…！チンポッ…！彼氏の前でヒクついてるいやらしいケツ穴に、このデカチンポ…思いっきりブチ込んでぇ…！』"
"暁 莉乃(CH02_0878)","『んっ…ん"っ…ぅ！！！』"
