﻿Character,Text
"暁 莉乃（独白）(CH02_1096)","『今日の部活は昼過ぎには終わって、残ってるのは私とココアの２人。』"
"田中 心々愛(CH04_0076)","『先輩ー、まぁたカレシ待ってるんですか～？』"
"暁 莉乃(CH02_1097)","『う、うん…』"
"田中 心々愛(CH04_0077)","『まぁウチもなんですけどねーｗｗっても、先輩のカレシとウチの今カレ、あ、ヨシキって言うんですけど、全ッ然タイプ違いますけどー』"
"暁 莉乃(CH02_1098)","『そうなの？ヨシキ…君、ってどんな人？』"
"田中 心々愛(CH04_0078)","『えー？別に先輩に自慢できるほどのオトコじゃないんで』"
"田中 心々愛(CH04_0079)","『ヨシキってキス魔で…早くヤりたい時はちょっとウザくって……って、ウチのことはどーでもよくて…、先輩はカレシとどこまでいったんすか？』"
"暁 莉乃(CH02_1099)","『ど、どこまでって…』"
"暁 莉乃","『…………』"
"暁 莉乃(CH02_1100)","『ちょっと…それで…少し…聞いてもらっても…いいかな？』"
"田中 心々愛(CH04_0080)","『あー！じれったいけどー、先輩が言ってくれるなんてすっごい珍しいし、嬉しいんでなんでも聞きますよ！』"
"暁 莉乃(CH02_1101)","『あ、ありがと。その…キス、をしたんだけど………人が見てたんだよね…』"
"田中 心々愛(CH04_0081)","『え、部員とか教師っすか？』"
"暁 莉乃(CH02_1102)","『ううん、知らない男子。相談ってわけじゃないんだけど…その、見られながらって…結構、興奮…しちゃって…』"
"田中 心々愛(CH04_0082)","『え！先輩がですか？！』"
"暁 莉乃(CH02_1103)","『う、うん…やっぱり…そういうのって…変、だよね…？』"
"田中 心々愛(CH04_0083)","『全然ですよ！！…見られるのってよくないですか？！ウチはめっちゃ興奮して激しくなっちゃいますｗ』"
"暁 莉乃(CH02_1104)","『…ぅん。そういうの絶対イヤだって思ってたのに…穴が開くほど見つめてくるのが分かったから…そのまま…ずっとしちゃって……』"
"田中 心々愛(CH04_0084)","『わかるーｗ』"
"田中 心々愛(CH04_0085)","『でも、キスだけでそんだけ見つめてくるとか絶対そいつバキバキの童貞っすよ！ｗｗ』"
"暁 莉乃(CH02_1105)","『そうかな……。ふふ、…そうかも』"
"田中 心々愛(CH04_0086)","『で、見られながらするのにハマっちゃったとかー見られながらパコりたくなったって話っすか？ｗ』"
"暁 莉乃(CH02_1106)","『え、そ…そうじゃない、けど…なんていうのかな…ココアって色々経験してるから、少し話したくなっちゃっただけだよ…』"
"田中 心々愛(CH04_0087)","『じゃあ勿論その先もシましたよね？』"
"暁 莉乃(CH02_1107)","『んー……これ以上は秘密』"
"田中 心々愛(CH04_0088)","『えー…ケチぃｗ　相変わらずの秘密主義ですね』"
"暁 莉乃(CH02_1108)","『そんなことないよ、ココアがオープン過ぎるだけ』"
"田中 心々愛(CH04_0089)","『あははｗ　でも先輩、なんか変わりましたよねー！それも夏の経験ってヤツですか？ｗｗ』"
"暁 莉乃(CH02_1109)","『もう、そういうんじゃないってば。多分…私より、彼氏が変わってくれたから…かな』"
"田中 心々愛(CH04_0090)","『それ羨ましー！確か、彼氏さんってサッカー部の…』"
"田中 心々愛(CH04_0091)","『あ、ヨシキからＬＩＭＥきた！』"
"暁 莉乃(CH02_1110)","『…あ、じゃあ私はまだ待ってなきゃいけないから。ココアは早くヨシキ君のとこに行ってあげて？』"
"田中 心々愛(CH04_0092)","『ハイ！じゃあ、お先失礼しまーす。次はお預けナシで全部教えてくださいよー♪』"
"暁 莉乃(CH02_1111)","『もー…気が向いたらね』"
"暁 莉乃","『………』"
"暁 莉乃(CH02_1112)","『ふぅ…』"
"暁 莉乃（独白）(CH02_1113)","『まだ夏休み中。部活も続いている。ココアと話をするのもすごく楽しい…。』"
"暁 莉乃（独白）(CH02_1114)","『秘密主義、か…。でも、これは本当に秘密にしたいことだから、仕方ないよね…。だって……』"
"","―――――――――――――"
"","――――――――――"
"","―――――"
"","―――"
"暁 莉乃(CH02_1115)","『はーい、どうぞー』"
"","――"
"暁 莉乃(CH02_1116)","『待ってたよ、おじさん』"
"","―――――"
"","――"
"暁 莉乃（独白）(CH02_1117)","『あの日からも、タカ君の前でおじさんとのねっとりとしたキス……ううん、濃厚なセックスを繰り広げた…。』"
"暁 莉乃（独白）(CH02_1118)","『…タカ君も興奮していたけれど、私が飽きちゃって…別れるまでにそう時間は掛からなかった。』"
"暁 莉乃（独白）(CH02_1119)","『私は今、おじさんと彼女兼オナホとして付き合っている。だって…すっごく気持ちよくて相性いいんだもん。』"
"暁 莉乃（独白）(CH02_1120)","『今では大好きな、私のおじさん…♡』"
"","ＥＮＤ"
