﻿Character,Text
"田中 心々愛(CH04_0093)","『っ、ったく…なんなんもぉ…ヨシキのやつドタキャンマジいい加減にしろってのー…！！』"
"田中 心々愛（独白）(CH04_0094)","『マジほんとウザい。ウチがＬＩＭＥ送ったらヤりたい時は秒で既読で返事くるくせに…。』"
"田中 心々愛(CH04_0095)","『ＬＩＭＥ未読スルーで逃げたつもりですかー。バッカにしてんじゃないっての、ないわー』"
"田中 心々愛（独白）(CH04_0096)","『あームカつく、うちの都合まで無視とか…ん…？…誰かきた？』"
"田中 心々愛(CH04_0097)","『あ？』"
"田中 心々愛（独白）(CH04_0098)","『顔をあげたら、人影がウチを見つめてる。…でもヨシキでもなければ教師でもない…。』"
"田中 心々愛(CH04_0099)","『何見てんの……あ…』"
"田中 心々愛（独白）(CH04_0100)","『いっつも視姦してくる用務員じゃん！キッモ！！』"
"田中 心々愛(CH04_0101)","『ん…？』"
"田中 心々愛（独白）(CH04_0102)","『あれ…そうだな…。そうだそうだ。よし、どうせＬＩＭＥの返事来ないし』"
"田中 心々愛（独白）(CH04_0103)","『ドタキャン確定なら、もうコイツでいいや！ウチのテクでもがくキモ中年童貞でも見て憂さ晴らししよっと！』"
"田中 心々愛(CH04_0104)","『あー…ねー、おじさん。ちょっとさ、ウチ今からこの上。更衣室行くからー、おじさんも来てくんない？』"
"主人公","『え、ああ。鍵でも壊れたかな？それとも蛍光灯がつかないとかかな？』"
"田中 心々愛(CH04_0105)","『おじさんさー、どうせ童貞でしょ？今からソッコーでそのキモ童貞卒業させてあげるからさー…』"
"主人公","『えっ…？き、君、何言って……』"
"田中 心々愛(CH04_0106)","『あーもしかしてーおじさん、ギャルとか苦手なタイプ？』"
"主人公","『っ…！』"
"田中 心々愛(CH04_0107)","『あはっｗ図星だー！そういうおっさんもたまにいるよねーでも、ヤっちゃえば皆掌返してウチに夢中になっから！』"
"主人公","『え、ええ…』"
"田中 心々愛(CH04_0108)","『ほらー、やっぱウチの体、気になってんでしょー！？ジロジロ見ちゃってさー。しっかり期待してんじゃん！』"
"田中 心々愛(CH04_0109)","『そうそう、初回はサービスしてあげるから、お金とかそーゆーの要らないからね？』"
"主人公","『いや、おじさんそういうのは…』"
"田中 心々愛(CH04_0110)","『あ、でー…もしだけどー、ウチをイかせることが出来たら、特別にセフレにしてあげてもいいよ？』"
"田中 心々愛（独白）(CH04_0111)","『ま、中年童貞には絶対ムリだけど、こう言っとけば一応必死でパコるっしょ。』"
"主人公","『いや、おじさんまだ残ってる仕事があってね…』"
"田中 心々愛(CH04_0112)","『あ、まだそーゆーこという？このウチが誘ってんのに？だったら、ここで無理やり襲われたってコトにしてー…』"
"田中 心々愛(CH04_0113)","『おじさんの立場、ヤバくするのとかすっごい簡単なんだけど…？勿論、上、来るよね？』"
"主人公","『ぅわっ……わ、わかったよ』"
"田中 心々愛(CH04_0114)","『ラッキー！ま、おじさんなんかの童貞キモ粗チンじゃウチをイかせるとか絶対無理だろうけどねー！キャハハ』"
"田中 心々愛(CH04_0115)","『とりま頑張ってー、ウチの憂さ晴らしの玩具にちょっとなってってよー、アハハ』"
"","―――"
"","―"
"田中 心々愛(CH04_0116)","『おじさん、脱げって言ったらほんっと脱ぐの早いからマジウケたんですけどーｗあんだけウチの誘い渋ってたのにｗｗ』"
"田中 心々愛(CH04_0117)","『おじさんだけ素っ裸でシュールｗま、ウチは気持ちよくならないと脱がないし？』"
"田中 心々愛(CH04_0118)","『っていうかー、もうコレ、バッキバキでヤる気満々じゃん！なにこれー、でかーいｗ』"
"田中 心々愛(CH04_0119)","『ほれほれっ…すごー！ありがち真性包茎ポーク〇〇ツだと思ってたのにー。これっ、全然ちがーう…なにこれーｗ』"
"主人公","『…うっ…こ、こら…、ぁ…』"
"田中 心々愛(CH04_0120)","『あ、おじさんもしかしてコレ、気持ちいいの？ウチがちょっと触ってるだけだよ？ガチ童貞ｗｗ』"
"田中 心々愛(CH04_0121)","『まー、皮くらいワンチャン剥けててもおかしくないと思ってたけどー、ここまでデカくて太いのは予想外ｗ』"
"主人公","『キ、キミ…田中ココアちゃんだろう？おじさん知ってるよ』"
"田中 心々愛(CH04_0122)","『うわっ！！今、超鳥肌立ったんですけどー！キモ過ぎない？なんで名前知ってんの？』"
"主人公","『ずっと前に新体操部で、部長の莉乃ちゃんがキミの名前を呼んでいたし…それにしょっちゅう外で見かけるからね』"
"主人公","『はぁはぁ…あちこちで”色々やってる”だろう？』"
"田中 心々愛(CH04_0123)","『視姦だけじゃなくてそこまで把握してんの、マジキモいんですけどー…』"
"主人公","『別にキミだけを見てるわけじゃないよ。おじさんはここの用務員だから勝手に目に入るんだ』"
"田中 心々愛(CH04_0124)","『ほんとキモ……え、わっ、クッサ…もう我慢汁垂れてきてんじゃん！汁が玉になって粘り気すごそーｗｗｗ息荒いしー、』"
"主人公","『はぁはぁ、はぁ…』"
"田中 心々愛(CH04_1001)","『ん…、あ……』"
"田中 心々愛(CH04_0125)","『パンパンに張ってるし、カリも高いしー…筋浮いててゴツゴツしてるしー。見た感、すごくてマジウケるｗｗｗ』"
"田中 心々愛(CH04_0126)","『使ったことないくせに、ヤリチン風童貞中年デカチンポとか、宝の持ち腐れ感ハンパないよねー。意味ねーｗｗｗ』"
"田中 心々愛(CH04_0127)","『でもまあ、ただデカくて太いだけじゃ、バイブとかディルドのほうが上になるしーやっぱテクがないとねー』"
"田中 心々愛(CH04_0128)","『おじさん、童貞でしょ？ｗウチがお情けと気まぐれでこの無意味なデカチン童貞卒業させてあげるからさー』"
"主人公","『え…ほ、本当にやるのかい…？』"
"田中 心々愛(CH04_0129)","『ったりまえじゃん！あ、もしかして期待し過ぎてビビってるー？ｗｗ』"
"主人公","『いや、別にビビっていないけど…。チンポハメたらココアちゃんの方が大変なことになって後悔するかも…』"
"田中 心々愛(CH04_0130)","『はあ？！おじさん何勘違いしてんの？おじさんは今ウチの玩具なワケ！後悔とかするわけないじゃん』"
"田中 心々愛(CH04_0131)","『童貞が女即落ちさせるエロマンガの読みすぎなんじゃないの？リアルとは違うんですよｗ』"
"田中 心々愛(CH04_0132)","『ま、ウチの、チンポ咥えまくりでも締まりのいいマンコの味、覚えちゃったら、そーゆーの使って惨めなオナニーも出来なくなるかもねｗｗ』"
"田中 心々愛(CH04_0133)","『だからおじさんのほうが後悔すんじゃない？キャハハｗこんな中年オヤジの童貞もらってあげるんだから感謝してよー？』"
"田中 心々愛(CH04_0134)","『って、憂さ晴らしだし、ウチはどーでもいいんだけどね！さ、ちゃっちゃと始めちゃおっか』"
"主人公","『は、始める…？』"
"田中 心々愛(CH04_0135)","『まずはシゴいてあげるよー。ＪＫの生手コキだよ？超貴重っしょ、ほらほらー』"
"主人公","『う、うぅ…いきなり激しすぎる…』"
"田中 心々愛(CH04_0136)","『こんなんで喘いでたら生ハメまで持たないじゃん。ちょっとはシッカリしてよね、オジサン。ガッカリさせないでよー？』"
"主人公","『が、頑張るよ…！はぁっ…！くぅぅ…』"
"田中 心々愛(CH04_0137)","『ちょ、必死すぎｗｗそんなにオマンコにハメたいのかよｗでもその姿勢には好感持てるな～』"
"田中 心々愛(CH04_0138)","『私もこのデカチンハメるの楽しみにしてるんだから頑張ってｗ…あ、でも手加減するつもりはないけどね』"
"田中 心々愛(CH04_0139)","『オジサンはウチのオモチャなんだから、ちゃんとオモチャらしく楽しませてよｗ』"
