﻿Character,Text
"","――――――――"
"","――――"
"","――"
"田中 心々愛(CH04_0140)","『はーっはーっ…あっあっなにっ…これカレシのチンポと全然っ…んあっ違う…っあっ、あう…んあっ…あっ！』"
"主人公","『そんなに気持ちいいかい？』"
"田中 心々愛(CH04_0141)","『おじさんのチンポすっごい！！っんあ、そこ、上の壁…ごりゅごりゅしてっ…そう、そこっ、んあっ…』"
"田中 心々愛(CH04_0142)","『これで…あっ…童貞とか…っ…マジあり得ないんっ…ですけどー！！はあ、あっ、んあっ！！』"
"","今まで風俗でいろんな女をハメてきて、プライベートでも誘われるくらいには悦ばせてきたけど…"
"","ココアちゃんが童貞と勘違いしてることが、逆に俺の株をあげてるようだし…まあいいか。"
"田中 心々愛(CH04_0143)","『そんな…ウチが…先に…んおっ♡イかされるとかっ…はうっ…あっ、おっ…♡マジどうなってん…んひっ♡』"
"主人公","『だから言っただろう。ココアちゃんの方が大変なことになっちゃうかもって。でもおじさんも気持ちいいよ』"
"田中 心々愛(CH04_0144)","『あっまた、軽く…イクっ♡…んんんっ…！！このセックス、ヤバ…ハマる…はー♡はー♡』"
"主人公","『おお、ハメまくりのビッチマンコでもこんなに締まるんだねぇ…』"
"田中 心々愛(CH04_0145)","『マジヤバイって。なにこれぇっ、んひっ…あ"っ♡んおっ、お"っ♡これほんとすごっ…こんなの初めてっ』"
"主人公","『じゃあそろそろ一緒にまたイこうか』"
"田中 心々愛(CH04_0146)","『ムリ！ムリ！っは、っぁ…このまま突き続けられたらっ…マンコ感じ過ぎて…あうっ♡変になるって！んあ"っ♡』"
"主人公","『ココアちゃんが気に入ってくれたようで嬉しいよ。さぁ、思いっきりイっていいからね』"
"田中 心々愛(CH04_0147)","『あっうっ…は♡…ダメダメ、マジほんとガチイキするっ！やばっ…んあっ、ダメっイク、イク♡…チンポすご…！もぅ無理っ！』"
"田中 心々愛(CH04_0148)","『イっクぅぅ"う"ううっ～～～！！！』"
"","―――――――――"
"","――――――"
"","―――"
"田中 心々愛(CH04_0149)","『はーっ！ッスッキリしたぁー！！』"
"田中 心々愛(CH04_0150)","『おじさんほんっとタフだね！めっちゃ動いてたしザーメンもあんなにいっぱい出してたし』"
"主人公","『いや、ココアちゃんもなかなか…』"
"田中 心々愛(CH04_0151)","『あ、ヨシキからＬＩＭＥだ！！』"
"田中 心々愛(CH04_0152)","『まぁた謝ればすむと思ってるしー！でももう今日ウチは十分満喫したしドタキャンのお返しだもんねー。無視無視ーｗ』"
"田中 心々愛(CH04_0153)","『あ、そうだ、おじさん。本当は今日だけのつもりだったんだけど、すっごい気に入ったから約束通りにセフレにしたげる。またシよー』"
"主人公","『え、でも彼氏君は…』"
"田中 心々愛(CH04_0154)","『ちょ、おじさんはただのセフレだってば！キモい勘違いしないでよｗｗ』"
"田中 心々愛(CH04_0155)","『でもー、セフレランクはいまんとこ余裕の１位だから、おじさんもシたくなったらＬＩＭＥで呼んでよ。気が向いたら行くから！』"
"","そういうと、手早く俺のスマホを取り出して、と指示され…ココアちゃんはＬＩＭＥの連絡先交換を済ませたようだ。"
"田中 心々愛(CH04_0156)","『…よしっと！そうそう、おじさんだったらお金とか要らないし全然タダでヤるから』"
"田中 心々愛(CH04_0157)","『気持ちいいし、おじさん全然稼いでなさそうだし、お金取ったらさすがに可哀想だもんｗ』"
"田中 心々愛(CH04_0158)","『じゃ、私もうそろそろ帰らないとまずいからまたねー！』"
"","言いたいことだけ言ってさっさと帰ってしまった。"
"主人公","『…そんな予感はしてたけど、嵐みたいな子だったな…。一体何だったんだ……』"
